file,font,family,source_url,license,sha256
ReemKufi.ttf,Reem Kufi Regular,Reem Kufi,open source repositories,SIL OFL,0513e4821c8abca6f5ca3e09f178b2fccb5b98168dfc43798e51816ea6aaea03
Vazirmatn[wght].ttf,Vazirmatn Regular,Vazirmatn,open source repositories,SIL OFL,085172c4ec8bc5c338c040f40b53226a52fef8ade58e5b6ee35022463239647d
ArefRuqaa-Regular.ttf,Aref Ruqaa Regular,Aref Ruqaa,open source repositories,SIL OFL,09361aed5efd498762f4277300450a7d2d329416c2c2a41961c22633ac818fa1
Amiri-Regular.ttf,Amiri Regular,Amiri,open source repositories,SIL OFL,0c6e2b5b151d2631f0a3967d83b3bf396ce8d27cf4cf52bb6ac5f3437dee645b
SahelFD-Light.ttf,Sahel FD Light,Sahel FD,https://github.com/rastikerdar/sahel-font,SIL OFL,0f28dd60533dd4fbc6e00b9588186ed2019c7d4a1fea7c768305e954725e75a3
Vazirmatn-RD-Thin.ttf,Vazirmatn RD Thin,Vazirmatn RD,open source repositories,SIL OFL,14adce833093a62fe39aca2cd56be8f272abc2e416ca10d124f587e27fc55833
Vazirmatn-RD-ExtraBold.ttf,Vazirmatn RD ExtraBold,Vazirmatn RD,open source repositories,SIL OFL,1530d65a99c73bc39f8dbbbaeb1780845b390ff232227df7f4fc19540d814838
SahelVF-Regular.ttf,Sahel VF Regular,Sahel VF,https://github.com/rastikerdar/sahel-font,SIL OFL,19be5bb5411b2189817622d114a57becd784c0f70e46623edd8de5c0ca56a052
Amiri-Bold.ttf,Amiri Bold,Amiri,open source repositories,SIL OFL,1d0ac6605597f4c94eeb8a7810dc17d2675c224a9e90b8cc73d1baff295717b1
ParastooFD-Bold.ttf,Parastoo FD Bold,Parastoo FD,https://github.com/rastikerdar/parastoo-font,SIL OFL,20c272125aeb89bad0af948d74a998f06d9a5e343d87741900f7dee25de16764
SamimFD-Medium.ttf,Samim FD Medium,Samim FD,https://github.com/rastikerdar/samim-font,SIL OFL,35ce66b547f18ed17b7b47d0c5b026c8cfa56561ee740e9b8a8ee18dad4fc212
Vazirmatn-RD-Medium.ttf,Vazirmatn RD Medium,Vazirmatn RD,open source repositories,SIL OFL,36c3e7021b240012a53b06db2feb318965d9ed8848dd930a715e9917b8154cf9
Amiri-Italic.ttf,Amiri Italic,Amiri,open source repositories,SIL OFL,3cf12f0e71f305e1a82f6447092ec1cd6bd94138f5c503cc70f767b535ac3560
Vazirmatn-Medium.ttf,Vazirmatn Medium,Vazirmatn,open source repositories,SIL OFL,4067c73af1f7e7e6b6a74999c9d13f6c23ed386447e35c0814d665aae15727fc
Vazirmatn-Light.ttf,Vazirmatn Light,Vazirmatn,open source repositories,SIL OFL,456780d2165c257ade7cd5b58bba610e6bb90da0362f3a8dc5baf9a8aeb163e0
Vazirmatn-SemiBold.ttf,Vazirmatn SemiBold,Vazirmatn,open source repositories,SIL OFL,47d2de3b0c95dbe75817b5fd5307b9553af0348b9e9e57b8650ab4a01a29cd2f
Vazirmatn-RD-Regular.ttf,Vazirmatn RD Regular,Vazirmatn RD,open source repositories,SIL OFL,48a7027fdf0c2c83fc0bc1868e619b54a5172140b6a58a22170564622ae86286
GandomFD-Regular.ttf,Gandom FD Regular,Gandom FD,https://github.com/rastikerdar/gandom-font,SIL OFL,48d16d1308a02988dc08c5b314ab4ed9d47ade41062af434ffe838f6507d6d9c
Vazirmatn-RD[wght].ttf,Vazirmatn RD Regular,Vazirmatn RD,open source repositories,SIL OFL,512e88b9d3b81b41a7d27887a3d4a5701ef63cdd5490bb1274d8bb4acd23e809
Vazirmatn-ExtraLight.ttf,Vazirmatn ExtraLight,Vazirmatn,open source repositories,SIL OFL,5404864ea8dc388c59ba7cf73f665e995a5f8c9fad1a411d94806c7bb5e920e4
NahidFD-Regular.ttf,Nahid FD Regular,Nahid FD,https://github.com/rastikerdar/nahid-font,"Bitstream Vera Fonts licence, changes in the public domain",59af7f499de298080d730e52c5f41320fc670c3401d51837b7c374c411e0248e
SahelFD-SemiBold.ttf,Sahel FD SemiBold,Sahel FD,https://github.com/rastikerdar/sahel-font,SIL OFL,5d92ee254143ad1485687fcb4a2e76277f34514f871f39c43f8aec8eef5dc4c5
ShabnamFD-Regular.ttf,Shabnam FD Regular,Shabnam FD,https://github.com/rastikerdar/shabnam-font,SIL OFL,66518b34a1d0096f8c4f386134cdb67bbf340657709015b8a4ae7e2f1897238b
Vazirmatn-Thin.ttf,Vazirmatn Thin,Vazirmatn,open source repositories,SIL OFL,667350c5cc1986b4e0576e1b498e887d72b3a9c4aecda190b5be634da08df85d
Amiri-BoldItalic.ttf,Amiri Bold Italic,Amiri,open source repositories,SIL OFL,775da4e970f72a90ce474db68210813f137589da59986e3a1a0bcc5b6db5cafd
SamimFD-Bold.ttf,Samim FD Bold,Samim FD,https://github.com/rastikerdar/samim-font,SIL OFL,7e411ae3d0280999bc02ffd3fdaf574cb520f26eadb89a0ff4ecf530068108d5
ArefRuqaa-Bold.ttf,Aref Ruqaa Bold,Aref Ruqaa,open source repositories,SIL OFL,833f30f47bdd29d964d52d2dd49b7e38c9963707e31804af18594a07e275ca9c
ShabnamFD-Medium.ttf,Shabnam FD Medium,Shabnam FD,https://github.com/rastikerdar/shabnam-font,SIL OFL,852ef0adf68954a20d079ec51e0ec03300a64c16b39a22eb6c7a0e07b7b2d22b
Vazirmatn-Black.ttf,Vazirmatn Black,Vazirmatn,open source repositories,SIL OFL,87cdc751d7187945ab685a8dff1a617c7d95efdc4e3946104031bf9f6e21d44d
SahelFD-Bold.ttf,Sahel FD Bold,Sahel FD,https://github.com/rastikerdar/sahel-font,SIL OFL,8b3d53903680817f86ab6fabfa8070e4d7c36b4cf78b8ad9f831ffedd2c8aa8f
Vazirmatn-RD-Bold.ttf,Vazirmatn RD Bold,Vazirmatn RD,open source repositories,SIL OFL,8e601444be59adceaeb0db9e662c1fa17795c6e7a3643d392ab2d0cfcb6e52cc
ShabnamFD-Light.ttf,Shabnam FD Light,Shabnam FD,https://github.com/rastikerdar/shabnam-font,SIL OFL,8e8bc837e334e8a7498bb6ca4f6dfa48675172e9465986c3ecfeb02b48af37e4
Vazirmatn-Regular.ttf,Vazirmatn Regular,Vazirmatn,open source repositories,SIL OFL,9f3a1ad99469102e0b772ec7f98a858f37d32dd9c17a2b134e8f64c95cf1f2b4
Vazirmatn-Bold.ttf,Vazirmatn Bold,Vazirmatn,open source repositories,SIL OFL,a18a3b0ec4c929980c99871ca3c0374fe40f359bb99578bf98684b0a5d00af90
ParastooFD-Regular.ttf,Parastoo FD Regular,Parastoo FD,https://github.com/rastikerdar/parastoo-font,SIL OFL,a3c19d0427e235af84b40fb376992ddaf94f3bdd8a2bd330d8b3178491963abb
ShabnamFD-Bold.ttf,Shabnam FD Bold,Shabnam FD,https://github.com/rastikerdar/shabnam-font,SIL OFL,a4db8600cc143ecc94c8e389e182d4eba96af5b227ddeeedc39dea982e32d28e
Vazirmatn-RD-Light.ttf,Vazirmatn RD Light,Vazirmatn RD,open source repositories,SIL OFL,a5d24e379a0130fbad6125539cb93fc2303c38f62035b4f13f6bc675a9e13f0d
VazirCodeExtraHeightFD-Regular.ttf,Vazir Code Extra Height FD Regular,Vazir Code Extra Height FD,https://github.com/rastikerdar/vazir-code-font,SIL OFL,a65ad9f9d1c8acaf9aa45c3b7984398ce43a6d8f8534479c4468c6b4e689bc40
Vazirmatn-RD-SemiBold.ttf,Vazirmatn RD SemiBold,Vazirmatn RD,open source repositories,SIL OFL,aa4601de437599d0b39ad880c6eede8fc5a3c0c3ed83f6f6d66f95307432d0ef
Vazirmatn-RD-ExtraLight.ttf,Vazirmatn RD ExtraLight,Vazirmatn RD,open source repositories,SIL OFL,ad73f810b25a11ccd8ef21fb4015df1fa719163dd03c7ab79cdb4a1f4e6cb765
SamimFD-Regular.ttf,Samim FD Regular,Samim FD,https://github.com/rastikerdar/samim-font,SIL OFL,af59417917c32949b23a09af430df1c9d39ab8026777b630ba28079d32446efd
SahelFD-Black.ttf,Sahel FD Black,Sahel FD,https://github.com/rastikerdar/sahel-font,SIL OFL,bc4e806420640cd7107dc7b75262d367148bf3549ffa496a7b28e1f378ee226b
TanhaFD-Regular.ttf,Tanha FD Regular,Tanha FD,https://github.com/rastikerdar/tanha-font,"Bitstream Vera Fonts licence, changes in the public domain",c2d49bfbcc17db03a846a8dbe1d2414a359fc44b1f6c235c987efb7fd7e878c8
Vazirmatn-RD-Black.ttf,Vazirmatn RD Black,Vazirmatn RD,open source repositories,SIL OFL,c5be1085aecd3c30a2548868ae0a0c150de2efe3398b349f902a58477f2aa1bb
VazirCodeHackExtraHeightFD-Regular.ttf,Vazir Code Hack Extra Height FD Regular,Vazir Code Hack Extra Height FD,https://github.com/rastikerdar/vazir-code-font,SIL OFL,d5be3944171f5fbcf7914850b8f2fb80065a6ccbe1e5a41b067fc9d5120c81c1
ShabnamFD-Thin.ttf,Shabnam FD Thin,Shabnam FD,https://github.com/rastikerdar/shabnam-font,SIL OFL,d7fb1888514dd539bcaa84a37eb8af0e1f72d72855ec1ec6b974570a82bafbed
SahelFD-Regular.ttf,Sahel FD Regular,Sahel FD,https://github.com/rastikerdar/sahel-font,SIL OFL,da9dc95e9c09169a92bac9912c19f491346d63a5c294d13d7751789218274423
Vazirmatn-ExtraBold.ttf,Vazirmatn ExtraBold,Vazirmatn,open source repositories,SIL OFL,e568e0fe98aa70489d8080f7adccbc8be6f9fed6e501c7561f04ab8d1ddadb74
ReemKufiInk.ttf,Reem Kufi Ink Regular,Reem Kufi Ink,open source repositories,SIL OFL,e95d489f4f7db1900ff1574907cce82f32f9134c2eb39a5429bb33c694ee016f
2_Aseman_Italic.ttf,2 Aseman Italic,2  Aseman,2000-Iran-Fonts-www.P30Day.com.rar (2.MRT.Soft.ttf-png),"unknown (P30Day collection, terms not verified)",2f4453966d0679baed5f71ee5352f692339133d5840241d72ea71ad4759ad973
2_Aseman.ttf,2 Aseman Regular,2  Aseman,2000-Iran-Fonts-www.P30Day.com.rar (2.MRT.Soft.ttf-png),"unknown (P30Day collection, terms not verified)",4e60e012be0a1fa4e666f3af12d2602a8d58d3bb65bf1b38726e67843b18c62f
2_Baran_Italic.ttf,2 Baran Italic,2  Baran,2000-Iran-Fonts-www.P30Day.com.rar (2.MRT.Soft.ttf-png),"unknown (P30Day collection, terms not verified)",f21325556566ca00943d8ab61f3c07166f309c529abe70a8b6928f4b086c799e
2_Baran_Outline_Italic.ttf,2 Baran Outline Italic,2  Baran Outline,2000-Iran-Fonts-www.P30Day.com.rar (2.MRT.Soft.ttf-png),"unknown (P30Day collection, terms not verified)",42da283f0dc77450c45a971d65225d3321e81424344574f2fd90987cd5e2f650
2_Baran_Outline.ttf,2 Baran Outline Regular,2  Baran Outline,2000-Iran-Fonts-www.P30Day.com.rar (2.MRT.Soft.ttf-png),"unknown (P30Day collection, terms not verified)",3005c70b8fa8c0c60ef1bea65931e24ce24e011f5e42888a7e38fed230444d97
2_Baran.ttf,2 Baran Regular,2  Baran,2000-Iran-Fonts-www.P30Day.com.rar (2.MRT.Soft.ttf-png),"unknown (P30Day collection, terms not verified)",35ca946836bcb88dfbcb7ff3aaf5f19a0948702d70ba4fa8364d6592e478ebed
2_Bardiya_Bold.ttf,2 Bardiya Bold,2  Bardiya,2000-Iran-Fonts-www.P30Day.com.rar (2.MRT.Soft.ttf-png),"unknown (P30Day collection, terms not verified)",6cad039255bb95702e83b24e937f00c77df14763b7217adcce5fc6af71e95a70
2_Bardiya.ttf,2 Bardiya Regular,2  Bardiya,2000-Iran-Fonts-www.P30Day.com.rar (2.MRT.Soft.ttf-png),"unknown (P30Day collection, terms not verified)",5fa3d42d759d60e9c6459722b407203859707da890cee7b8ee78a5d21f3389fd
2_Davat.ttf,2 Davat Regular,2  Davat,2000-Iran-Fonts-www.P30Day.com.rar (2.MRT.Soft.ttf-png),"unknown (P30Day collection, terms not verified)",6714f13afa00e9c39016263cfdc59585df8e11ef474807b0c4e4fb180be239be
2_Elham.ttf,2 Elham Regular,2  Elham,2000-Iran-Fonts-www.P30Day.com.rar (2.MRT.Soft.ttf-png),"unknown (P30Day collection, terms not verified)",edda3c26f4b76739f34c6ddd2d7dc62b0f57e060c8ea8b3fac336994c75f1f56
2_Elm_Border.ttf,2 Elm Border Regular,2  Elm Border,2000-Iran-Fonts-www.P30Day.com.rar (2.MRT.Soft.ttf-png),"unknown (P30Day collection, terms not verified)",280f2441822c84a7dfea2f64a5fcd23d8c53930ab8749f1ab373cf15da88eee6
2_Elm_Italic.ttf,2 Elm Italic,2  Elm,2000-Iran-Fonts-www.P30Day.com.rar (2.MRT.Soft.ttf-png),"unknown (P30Day collection, terms not verified)",14fe7f72e589286cfebaf5a63b92d1b57233da3f202d82fcffed6451fcbb149a
2_Elm.ttf,2 Elm Regular,2  Elm,2000-Iran-Fonts-www.P30Day.com.rar (2.MRT.Soft.ttf-png),"unknown (P30Day collection, terms not verified)",f119dd2eed4cef3c434ec2c7890c915b86b4641bb496ca2f244ff9bc63e38498
2_Esfehan_Bold.ttf,2 Esfehan Bold,2  Esfehan,2000-Iran-Fonts-www.P30Day.com.rar (2.MRT.Soft.ttf-png),"unknown (P30Day collection, terms not verified)",faa8c1b7d05e97363abe361f5eda63938ae64ee346d85f797f7e716f22d1110b
2_Hamid.ttf,2 Hamid Regular,2  Hamid,2000-Iran-Fonts-www.P30Day.com.rar (2.MRT.Soft.ttf-png),"unknown (P30Day collection, terms not verified)",bffe4537f4a9687588843088a40dc65d8a1cb9086d207c8dafee0f901ad0763f
2_Helal.ttf,2 Helal Regular,2  Helal,2000-Iran-Fonts-www.P30Day.com.rar (2.MRT.Soft.ttf-png),"unknown (P30Day collection, terms not verified)",e0793b79c9b7c763e57ddf14d8505992672ab9fccabed8478cac5fe42703a236
2_Kaj.ttf,2 Kaj Regular,2  Kaj,2000-Iran-Fonts-www.P30Day.com.rar (2.MRT.Soft.ttf-png),"unknown (P30Day collection, terms not verified)",a153b940c3f9abfcf6713c65604eedd152f34aaadb13c478ba2c060891caff87
2_Kamran_Bold.ttf,2 Kamran Bold,2  Kamran,2000-Iran-Fonts-www.P30Day.com.rar (2.MRT.Soft.ttf-png),"unknown (P30Day collection, terms not verified)",070829c9f9f3be628846cedddf33db01b6de056cddf78399a532f884717966a6
2_Kamran_Outline.ttf,2 Kamran Outline Regular,2  Kamran Outline,2000-Iran-Fonts-www.P30Day.com.rar (2.MRT.Soft.ttf-png),"unknown (P30Day collection, terms not verified)",0797c50584de72c5ff3cd696091b03e3a1fa238adf2b5e905675e1e1b35ab8f2
2_Kamran.ttf,2 Kamran Regular,2  Kamran,2000-Iran-Fonts-www.P30Day.com.rar (2.MRT.Soft.ttf-png),"unknown (P30Day collection, terms not verified)",55cb6bf865962796146ce65df54f34668beecafa200227fdcbe2ff3f9d856cb0
2_Karim_Bold.ttf,2 Karim Bold,2  Karim,2000-Iran-Fonts-www.P30Day.com.rar (2.MRT.Soft.ttf-png),"unknown (P30Day collection, terms not verified)",d370f9195ed1357bc82fb7704f01a843a071540e00c1fc3485144689371e2703
2_Karim.ttf,2 Karim Regular,2  Karim,2000-Iran-Fonts-www.P30Day.com.rar (2.MRT.Soft.ttf-png),"unknown (P30Day collection, terms not verified)",5d4b8e5d0e078b9082c8f7b32666a670b8ad9185c1fe66abe534380b4ff5c5fb
2_Mah.ttf,2 Mah Regular,2  Mah,2000-Iran-Fonts-www.P30Day.com.rar (2.MRT.Soft.ttf-png),"unknown (P30Day collection, terms not verified)",f4796371efe8c5d1a9c57e0528f65c01e15496ce401f73e4c8313d039dfbbea0
2_Mehr_Bold.ttf,2 Mehr Bold,2  Mehr,2000-Iran-Fonts-www.P30Day.com.rar (2.MRT.Soft.ttf-png),"unknown (P30Day collection, terms not verified)",39a724411558cf9366a07c66034f56ea3af65332a341ec47db78b4c3365aba7c
2_Narenj.ttf,2 Narenj Regular,2  Narenj,2000-Iran-Fonts-www.P30Day.com.rar (2.MRT.Soft.ttf-png),"unknown (P30Day collection, terms not verified)",272c186be24892e34e124657394fb9664b5e87aef784f0755808f0b325dd2e9a
2_Niki_Border_Italic.ttf,2 Niki Border Italic,2  Niki Border,2000-Iran-Fonts-www.P30Day.com.rar (2.MRT.Soft.ttf-png),"unknown (P30Day collection, terms not verified)",4a992bf2c215a0c424494f35339a5ce453f5240320abb8629b192d857b4d09cb
2_Niki_Border.ttf,2 Niki Border,2  Niki Border,2000-Iran-Fonts-www.P30Day.com.rar (2.MRT.Soft.ttf-png),"unknown (P30Day collection, terms not verified)",b67cf1badf7a90323484981bbc65edafb7d04f1de0c6b920b5da98dd92d2dfd3
2_Niki_Outline_Italic.ttf,2 Niki Outline Italic,2  Niki Outline,2000-Iran-Fonts-www.P30Day.com.rar (2.MRT.Soft.ttf-png),"unknown (P30Day collection, terms not verified)",4c83b549718b786b7bbc484e759d7ece68c4609509f0f073ba3414788f124729
2_Niki_Outline.ttf,2 Niki Outline Regular,2  Niki Outline,2000-Iran-Fonts-www.P30Day.com.rar (2.MRT.Soft.ttf-png),"unknown (P30Day collection, terms not verified)",932bdb20de0c8d225e218acecfbd2a396f151b0955a8ef6965dcb701a89f5ef0
2_Niki_Shadow_Italic.ttf,2 Niki Shadow Italic,2  Niki Shadow,2000-Iran-Fonts-www.P30Day.com.rar (2.MRT.Soft.ttf-png),"unknown (P30Day collection, terms not verified)",1f53746d84e8a218802ffaf80c40849eb542d9a3ff9ecf345f48c3eeb33f6454
2_Niki_Shadow.ttf,2 Niki Shadow Regular,2  Niki Shadow,2000-Iran-Fonts-www.P30Day.com.rar (2.MRT.Soft.ttf-png),"unknown (P30Day collection, terms not verified)",626b6dd541ca32428512d7d7c0d2b6b6200b3f8eb2f83a2622dde181d8d4e036
2_Nikoo_Italic.ttf,2 Nikoo Italic,2  Nikoo,2000-Iran-Fonts-www.P30Day.com.rar (2.MRT.Soft.ttf-png),"unknown (P30Day collection, terms not verified)",6243ba8285311a13cedba846e8f100f47ef0f6d83200621680ed1d5801c7e05c
2_Nikoo.ttf,2 Nikoo Regular,2  Nikoo,2000-Iran-Fonts-www.P30Day.com.rar (2.MRT.Soft.ttf-png),"unknown (P30Day collection, terms not verified)",c4283ba8071263b455c0ac63b3d3a68b0b24585c446f753747f8c29365452a13
2_Rose.ttf,2 Rose Regular,2  Rose,2000-Iran-Fonts-www.P30Day.com.rar (2.MRT.Soft.ttf-png),"unknown (P30Day collection, terms not verified)",7b2e9a0089d262b0b8003948129537b02c2598a9a2c4c8f0689d4226bb1c4567
2_Sahar.ttf,2 Sahar Regular,2  Sahar,2000-Iran-Fonts-www.P30Day.com.rar (2.MRT.Soft.ttf-png),"unknown (P30Day collection, terms not verified)",14f171bc4edcd4fe7b34b95b27b8a4d770dd37d2f3bd4ec1399eb718dc65d393
2_Sara.ttf,2 Sara Regular,2  Sara,2000-Iran-Fonts-www.P30Day.com.rar (2.MRT.Soft.ttf-png),"unknown (P30Day collection, terms not verified)",b0bef44af5b8a63581512117cb93bb1ca5209a708a2ea414a63e98ee0bc387d2
2_Sepideh_Outline.ttf,2 Sepideh Outline Regular,2  Sepideh Outline,2000-Iran-Fonts-www.P30Day.com.rar (2.MRT.Soft.ttf-png),"unknown (P30Day collection, terms not verified)",b405bd51e2d90d63533102716788bb337dfa57d334937409e1a5645028e45d5b
2_Sepideh.ttf,2 Sepideh Regular,2  Sepideh,2000-Iran-Fonts-www.P30Day.com.rar (2.MRT.Soft.ttf-png),"unknown (P30Day collection, terms not verified)",810add2a682c447e28ad55cc792a1920ab998b33351d7dfc1ff8867d614089cc
2_Setareh.ttf,2 Setareh Regular,2  Setareh,2000-Iran-Fonts-www.P30Day.com.rar (2.MRT.Soft.ttf-png),"unknown (P30Day collection, terms not verified)",ef99353559018d262607c7c13e0e3679df47cbd99a976a1a1f9027c752fcdfd8
2_Shadi.ttf,2 Shadi Regular,2  Shadi,2000-Iran-Fonts-www.P30Day.com.rar (2.MRT.Soft.ttf-png),"unknown (P30Day collection, terms not verified)",1fc902070e948b9d34efe1ac389fdd60bab71683a93cf412f45f0e933b08aac3
2_Shiraz_Italic.ttf,2 Shiraz Italic,2  Shiraz,2000-Iran-Fonts-www.P30Day.com.rar (2.MRT.Soft.ttf-png),"unknown (P30Day collection, terms not verified)",cd6666a696b71f6d31b8e0f9edf668b2a484bec950e581f43a4cb8373c4ac8ee
2_Shiraz.ttf,2 Shiraz Regular,2  Shiraz,2000-Iran-Fonts-www.P30Day.com.rar (2.MRT.Soft.ttf-png),"unknown (P30Day collection, terms not verified)",e5aeb6809dd62742805e259da6d46f4764911144990ca9f04b7db1a8bf166cfc
2_Titr_Bold.ttf,2 Titr Bold,2  Titr,2000-Iran-Fonts-www.P30Day.com.rar (2.MRT.Soft.ttf-png),"unknown (P30Day collection, terms not verified)",ab7b4b29291363561c432da3a1b7e66b17cff1e423689b9348b9cb51ed6e3760
2_Zaman.ttf,2 Zaman Regular,2  Zaman,2000-Iran-Fonts-www.P30Day.com.rar (2.MRT.Soft.ttf-png),"unknown (P30Day collection, terms not verified)",f95cbd41c999e28473d3e812a866abe079a1e781171d420bde324c75784de1a3
IRAban.ttf,IRAban Regular,IRAban,2000-Iran-Fonts-www.P30Day.com.rar (39.Standardized.Persian.Fonts.By.SCICT.ttf-png),"unknown (P30Day collection, terms not verified)",757d04b8099140d9638f98c515b81fda98669deec11f7bef8c386c43b51309b1
IRAmir.ttf,IRAmir Regular,IRAmir,2000-Iran-Fonts-www.P30Day.com.rar (39.Standardized.Persian.Fonts.By.SCICT.ttf-png),"unknown (P30Day collection, terms not verified)",2deeb3a6773e6457dbc62aea926ccb5d3d4dedd997291fd885ef920d57696f86
IRArshia.ttf,IRArshia Regular,IRArshia,2000-Iran-Fonts-www.P30Day.com.rar (39.Standardized.Persian.Fonts.By.SCICT.ttf-png),"unknown (P30Day collection, terms not verified)",20b2d6015b8c19b221c0774c56a8fe6dddeabee83dd5cb042fb9fff1bd557068
IRBadrBold.ttf,IRBadr Bold,IRBadr,2000-Iran-Fonts-www.P30Day.com.rar (39.Standardized.Persian.Fonts.By.SCICT.ttf-png),"unknown (P30Day collection, terms not verified)",f62c0d9f6aa87163279cc1b06eed6e4ed2a37558f937cd0d32396560630daf8c
IRBadrIranic.ttf,IRBadr Italic,IRBadr,2000-Iran-Fonts-www.P30Day.com.rar (39.Standardized.Persian.Fonts.By.SCICT.ttf-png),"unknown (P30Day collection, terms not verified)",2f0a199462357f2bb8d2c9f0deb61c3a0a0c5775daffa0e75149d5ee7ce2933f
IRBadr.ttf,IRBadr Regular,IRBadr,2000-Iran-Fonts-www.P30Day.com.rar (39.Standardized.Persian.Fonts.By.SCICT.ttf-png),"unknown (P30Day collection, terms not verified)",fede47c95bf6a9970d6531a3fb62820880947edb2722db5951a6b2de0833efdb
IRCompsetBold.ttf,IRCompset Bold,IRCompset,2000-Iran-Fonts-www.P30Day.com.rar (39.Standardized.Persian.Fonts.By.SCICT.ttf-png),"unknown (P30Day collection, terms not verified)",b825694b4d5f932dee1a920e108e3eb5e67c55ae76a8e157e263532c49b4134c
IRCompsetIranic.ttf,IRCompset Italic,IRCompset,2000-Iran-Fonts-www.P30Day.com.rar (39.Standardized.Persian.Fonts.By.SCICT.ttf-png),"unknown (P30Day collection, terms not verified)",fbcb868fe6121f8c16e80b3fcc51e31471b54e18b8085e24d7191e7aefe38a27
IRCompset.ttf,IRCompset Regular,IRCompset,2000-Iran-Fonts-www.P30Day.com.rar (39.Standardized.Persian.Fonts.By.SCICT.ttf-png),"unknown (P30Day collection, terms not verified)",ca69337c2c12256bcb1410bfdb2eed3b353e886d1546b36e4066ea2d1ec800b4
IRDastNevis.ttf,IRDast Nevis Regular,IRDast Nevis,2000-Iran-Fonts-www.P30Day.com.rar (39.Standardized.Persian.Fonts.By.SCICT.ttf-png),"unknown (P30Day collection, terms not verified)",9d6ba99bd9b04e96952774a29b3062e29bc40609d78a79568e1fc4632005df67
IRDavat.ttf,IRDavat Regular,IRDavat,2000-Iran-Fonts-www.P30Day.com.rar (39.Standardized.Persian.Fonts.By.SCICT.ttf-png),"unknown (P30Day collection, terms not verified)",36d426d1c3779d7cb5e607f518ccf9672a29ea1e0599dbd4b417ae8ef7f09806
IRElham.ttf,IRElham Regular,IRElham,2000-Iran-Fonts-www.P30Day.com.rar (39.Standardized.Persian.Fonts.By.SCICT.ttf-png),"unknown (P30Day collection, terms not verified)",24e865cb470fcc12e4e3aabcfb5f4e2d2f8efe5e36b4dae4048b3f1120ec267f
IREntezar.ttf,IREntezar Regular,IREntezar,2000-Iran-Fonts-www.P30Day.com.rar (39.Standardized.Persian.Fonts.By.SCICT.ttf-png),"unknown (P30Day collection, terms not verified)",5ae654fabaaad0e97193b25075a3815cf05599a4d3db6575334b17aaa0ef5c87
IRFarnaz.ttf,IRFarnaz Regular,IRFarnaz,2000-Iran-Fonts-www.P30Day.com.rar (39.Standardized.Persian.Fonts.By.SCICT.ttf-png),"unknown (P30Day collection, terms not verified)",919e34f6d9a5764e012d01a9eef199c6d08b4b57692bd64cdf448cc32cc230d8
IRFerdosi.ttf,IRFerdosi Regular,IRFerdosi,2000-Iran-Fonts-www.P30Day.com.rar (39.Standardized.Persian.Fonts.By.SCICT.ttf-png),"unknown (P30Day collection, terms not verified)",0a7e2458a31bb9d828740d55432ae38055b6232180088aa7523aa475f206e6bb
IRHoma.ttf,IRHoma Regular,IRHoma,2000-Iran-Fonts-www.P30Day.com.rar (39.Standardized.Persian.Fonts.By.SCICT.ttf-png),"unknown (P30Day collection, terms not verified)",57ee53a3b9558df24d93c4c21d5d7a494e6afff7d50af7c76372e350b6b18816
IRJadid.ttf,IRJadid Regular,IRJadid,2000-Iran-Fonts-www.P30Day.com.rar (39.Standardized.Persian.Fonts.By.SCICT.ttf-png),"unknown (P30Day collection, terms not verified)",0051e2cf0431bbfddaec930fc2b3a121dd6e78286049ddaa54066795806fc598
IRKamran.ttf,IRKamran Regular,IRKamran,2000-Iran-Fonts-www.P30Day.com.rar (39.Standardized.Persian.Fonts.By.SCICT.ttf-png),"unknown (P30Day collection, terms not verified)",d531fd52f345e6a7fcadbcd450e0ddc667aa8df69f7d8b5ed25f0b224cc15907
IRKhorasan.ttf,IRKhorasan Regular,IRKhorasan,2000-Iran-Fonts-www.P30Day.com.rar (39.Standardized.Persian.Fonts.By.SCICT.ttf-png),"unknown (P30Day collection, terms not verified)",dbc19cd152c888b3a4e796155802bfa9da442fc0b064297c5c0157e347899e3c
IRKoodak.ttf,IRKoodak Regular,IRKoodak,2000-Iran-Fonts-www.P30Day.com.rar (39.Standardized.Persian.Fonts.By.SCICT.ttf-png),"unknown (P30Day collection, terms not verified)",a82cbb7b06078d7e8f0c486bf73921447c618d2376c92120b71dc283860cdfec
IRLotusBold.ttf,IRlotus Bold,IRlotus,2000-Iran-Fonts-www.P30Day.com.rar (39.Standardized.Persian.Fonts.By.SCICT.ttf-png),"unknown (P30Day collection, terms not verified)",81728811f5aedfefe27aa6d4910e0faca01f5a657871f95803090b3bc38e41ae
IRLotusIranic.ttf,IRLotus Italic,IRlotus,2000-Iran-Fonts-www.P30Day.com.rar (39.Standardized.Persian.Fonts.By.SCICT.ttf-png),"unknown (P30Day collection, terms not verified)",f6010a386b519c0bee77f6f9bfd468fa57092edbc3f77945d849ebdd059c5b22
IRLotus.ttf,IRLotus Regular,IRlotus,2000-Iran-Fonts-www.P30Day.com.rar (39.Standardized.Persian.Fonts.By.SCICT.ttf-png),"unknown (P30Day collection, terms not verified)",c8dbf85de032c3cfb1b6e1be31339fc230f78e7c8234778590b7028d264a2c09
IRMaryam.ttf,IRMaryam Regular,IRMaryam,2000-Iran-Fonts-www.P30Day.com.rar (39.Standardized.Persian.Fonts.By.SCICT.ttf-png),"unknown (P30Day collection, terms not verified)",a2e408e430ca22fdea0527a55319f6a2b6998513fae1b419146bf1275ea20ffc
IRMashhad.ttf,IRMashhad Regular,IRMashhad,2000-Iran-Fonts-www.P30Day.com.rar (39.Standardized.Persian.Fonts.By.SCICT.ttf-png),"unknown (P30Day collection, terms not verified)",dbf727e8efaa3d05a983715596ef5154052bb1a4234918258c38d3df52854889
IRMehr.ttf,IRMehr Regular,IRMehr,2000-Iran-Fonts-www.P30Day.com.rar (39.Standardized.Persian.Fonts.By.SCICT.ttf-png),"unknown (P30Day collection, terms not verified)",68dc7540b1609cb2adef514a603843422bb37d23e540357270108f26b275ad01
IRMitraBold.ttf,IRMitra Bold,IRMitra,2000-Iran-Fonts-www.P30Day.com.rar (39.Standardized.Persian.Fonts.By.SCICT.ttf-png),"unknown (P30Day collection, terms not verified)",05d17961d5a4b1ed06cf2dd9507eefb20d2698cdc2566be1e9142ac0e3b4d930
IRMitraIranic.ttf,IRMitra Italic,IRMitra,2000-Iran-Fonts-www.P30Day.com.rar (39.Standardized.Persian.Fonts.By.SCICT.ttf-png),"unknown (P30Day collection, terms not verified)",1d599ba3922c8c3f074936f5b74e723a926c84d741f27d9fe0f7d8066c980702
IRMitra.ttf,IRMitra Regular,IRMitra,2000-Iran-Fonts-www.P30Day.com.rar (39.Standardized.Persian.Fonts.By.SCICT.ttf-png),"unknown (P30Day collection, terms not verified)",671b680e03861918f90fb3e5a717b27ab346b3b1991c15d60d2002635fa70770
IRMomtaz.ttf,IRMomtaz Regular,IRMomtaz,2000-Iran-Fonts-www.P30Day.com.rar (39.Standardized.Persian.Fonts.By.SCICT.ttf-png),"unknown (P30Day collection, terms not verified)",8753fe12ac17233b24384760d488db8045a37b5780498696ae76cbd77223bbde
IRNarges.ttf,IRNarges Regular,IRNarges,2000-Iran-Fonts-www.P30Day.com.rar (39.Standardized.Persian.Fonts.By.SCICT.ttf-png),"unknown (P30Day collection, terms not verified)",158468c89003fee14388de69aee220a43771870cc01c782c8003163e08a63dfa
IRNaskh.ttf,IRNaskh Regular,IRNaskh,2000-Iran-Fonts-www.P30Day.com.rar (39.Standardized.Persian.Fonts.By.SCICT.ttf-png),"unknown (P30Day collection, terms not verified)",283bf97b939cf70d9fc21fa2a2f98633bf405f2f195d54e3ac97ca64099c2d9c
IRNazaninBold.ttf,IRNazanin Bold,IRNazanin,2000-Iran-Fonts-www.P30Day.com.rar (39.Standardized.Persian.Fonts.By.SCICT.ttf-png),"unknown (P30Day collection, terms not verified)",1a4b5250812feb85980976cef3204090b134affeb54676a517d2c4ccbf78ad2c
IRNazaninIranic.ttf,IRNazanin Italic,IRNazanin,2000-Iran-Fonts-www.P30Day.com.rar (39.Standardized.Persian.Fonts.By.SCICT.ttf-png),"unknown (P30Day collection, terms not verified)",afef7230d434b3ea349f9968685312ddb3b3e54da64f2389ba85bbb81a51cd1f
IRNazanin.ttf,IRNazanin Regular,IRNazanin,2000-Iran-Fonts-www.P30Day.com.rar (39.Standardized.Persian.Fonts.By.SCICT.ttf-png),"unknown (P30Day collection, terms not verified)",a95fbfd825194bc1befcdf76849128b5518f1304a30bf977d0983d44fb9f01f9
IRNazliBold.ttf,IRNazli Bold,IRNazli,2000-Iran-Fonts-www.P30Day.com.rar (39.Standardized.Persian.Fonts.By.SCICT.ttf-png),"unknown (P30Day collection, terms not verified)",87214a97e396bd6e5f1c0eb9407c6064d66d531816f7e55a9dad543bb5c9ec31
IRNazli.ttf,IRNazli Regular,IRNazli,2000-Iran-Fonts-www.P30Day.com.rar (39.Standardized.Persian.Fonts.By.SCICT.ttf-png),"unknown (P30Day collection, terms not verified)",cd0c6cc5317ec2c58b3178f048090f9c3a47121d56d03a248fd3d87cea15d557
IRPooya.ttf,IRPooya Regular,IRPooya,2000-Iran-Fonts-www.P30Day.com.rar (39.Standardized.Persian.Fonts.By.SCICT.ttf-png),"unknown (P30Day collection, terms not verified)",f71a6eb2967d7d403bb78ee478261b866f53f44ce11ef5570517dacef916f47c
IRRoyaBold.ttf,IRRoya Bold,IRRoya,2000-Iran-Fonts-www.P30Day.com.rar (39.Standardized.Persian.Fonts.By.SCICT.ttf-png),"unknown (P30Day collection, terms not verified)",68b74e273d814cf96fb3c144564519ae9977a28a7532d0eedee2049ad1f05c7a
IRRoyaIranic.ttf,IRRoya Italic,IRRoya,2000-Iran-Fonts-www.P30Day.com.rar (39.Standardized.Persian.Fonts.By.SCICT.ttf-png),"unknown (P30Day collection, terms not verified)",66920f825083bce7e03a982288f362fc627dc443b08fffe5c57031624571852f
IRRoya.ttf,IRRoya Regular,IRRoya,2000-Iran-Fonts-www.P30Day.com.rar (39.Standardized.Persian.Fonts.By.SCICT.ttf-png),"unknown (P30Day collection, terms not verified)",e5f343b9c8d8ae94951f70bd0f53ecc9fbbab1c71ec36b1243ff279f917a2f80
IRShiraz.ttf,IRShiraz Regular,IRShiraz,2000-Iran-Fonts-www.P30Day.com.rar (39.Standardized.Persian.Fonts.By.SCICT.ttf-png),"unknown (P30Day collection, terms not verified)",77a97df94aa9136a44cd77d84e22c8c768220e672c919235ed6f21435e68d50c
IRSina.ttf,IRSina Regular,IRSina,2000-Iran-Fonts-www.P30Day.com.rar (39.Standardized.Persian.Fonts.By.SCICT.ttf-png),"unknown (P30Day collection, terms not verified)",7c3f1e850500d209658fb4804460d500154ca2447fd941d59aa7d823bf9aeb06
IRTabassom.ttf,IRTabassom Regular,IRTabassom,2000-Iran-Fonts-www.P30Day.com.rar (39.Standardized.Persian.Fonts.By.SCICT.ttf-png),"unknown (P30Day collection, terms not verified)",8bd4094cbbf941261bfbb46896b2e86d7c7dddaed140b3cf1565343f07066431
IRTehran.ttf,IRTehran Regular,IRTehran,2000-Iran-Fonts-www.P30Day.com.rar (39.Standardized.Persian.Fonts.By.SCICT.ttf-png),"unknown (P30Day collection, terms not verified)",8576ab268af4576c9a0cf03c5438651cf02900cd6dbccbaecc28497dfe4f8f17
IRTerafikBold.ttf,IRTerafik Bold,IRTerafik,2000-Iran-Fonts-www.P30Day.com.rar (39.Standardized.Persian.Fonts.By.SCICT.ttf-png),"unknown (P30Day collection, terms not verified)",a57f1dc98b6d38d7634ca2c4ae6f9b75fa7a317045e334bd9626ce133a4f12de
IRTerafikIranic.ttf,IRTerafik Italic,IRTerafik,2000-Iran-Fonts-www.P30Day.com.rar (39.Standardized.Persian.Fonts.By.SCICT.ttf-png),"unknown (P30Day collection, terms not verified)",860f78488b9863e40662ea07b572fcf8b242f55454303fd06041187686005a88
IRTerafik.ttf,IRTerafik Regular,IRTerafik,2000-Iran-Fonts-www.P30Day.com.rar (39.Standardized.Persian.Fonts.By.SCICT.ttf-png),"unknown (P30Day collection, terms not verified)",d552fced1a7d34efb34b289fee832505a4608ffc9b2562754e61c6635a3ecb8e
IRTitr.ttf,IRTitr Regular,IRTitr,2000-Iran-Fonts-www.P30Day.com.rar (39.Standardized.Persian.Fonts.By.SCICT.ttf-png),"unknown (P30Day collection, terms not verified)",24149c85e71f6c3ef980bf2bdd5d9907cd130ece25a489d8d4f0cce22a3b22a1
IRYakoutBold.ttf,IRYakout Bold,IRYakout,2000-Iran-Fonts-www.P30Day.com.rar (39.Standardized.Persian.Fonts.By.SCICT.ttf-png),"unknown (P30Day collection, terms not verified)",33ac7241edc18f15350fc908a8ebb45425be4aab6a640035c9a41f609c07d7e2
IRYakoutIranic.ttf,IRYakout Italic,IRYakout,2000-Iran-Fonts-www.P30Day.com.rar (39.Standardized.Persian.Fonts.By.SCICT.ttf-png),"unknown (P30Day collection, terms not verified)",1a69692e66be6e725d3ebc9fcd7dd1431961c0ee1c1b29496297cdcff1da574b
IRYakout.ttf,IRYakout Regular,IRYakout,2000-Iran-Fonts-www.P30Day.com.rar (39.Standardized.Persian.Fonts.By.SCICT.ttf-png),"unknown (P30Day collection, terms not verified)",51b47f078e64a3615554aec304fb74419491c8465007d1b25cb71247e26c639e
IRYekanBold.ttf,IRYekan Bold,IRYekan,2000-Iran-Fonts-www.P30Day.com.rar (39.Standardized.Persian.Fonts.By.SCICT.ttf-png),"unknown (P30Day collection, terms not verified)",5ce6611be7a43b77ab102d770b20393a10889916383719f1b7e7de2b4ef3017a
IRYekan.ttf,IRYekan Regular,IRYekan,2000-Iran-Fonts-www.P30Day.com.rar (39.Standardized.Persian.Fonts.By.SCICT.ttf-png),"unknown (P30Day collection, terms not verified)",ad6ab74dbd13d2c364026fd04b59c58f6e5841174fcd617875f968fe3b03c907
IRZarBold.ttf,IRZar Bold,IRZar,2000-Iran-Fonts-www.P30Day.com.rar (39.Standardized.Persian.Fonts.By.SCICT.ttf-png),"unknown (P30Day collection, terms not verified)",7eb5adb9ab3ca80e1c24aa78002878c1d34eef61c64c13af1a31f09967d1f676
IRZarIranic.ttf,IRZar Italic,IRZar,2000-Iran-Fonts-www.P30Day.com.rar (39.Standardized.Persian.Fonts.By.SCICT.ttf-png),"unknown (P30Day collection, terms not verified)",69bb7588e40c1b31145b04f091ac989b2924bcf79c386e8366c278a74636ecbb
IRZar.ttf,IRZar Regular,IRZar,2000-Iran-Fonts-www.P30Day.com.rar (39.Standardized.Persian.Fonts.By.SCICT.ttf-png),"unknown (P30Day collection, terms not verified)",cde0c9b611b6ed0debe1499daadadc85842d9cc72e165d75d71ab3f9506bad1a
IRZeytoon.ttf,IRZeytoon Regular,IRZeytoon,2000-Iran-Fonts-www.P30Day.com.rar (39.Standardized.Persian.Fonts.By.SCICT.ttf-png),"unknown (P30Day collection, terms not verified)",7882b08bc154da8ed627cc5f0b8bf27838a9248b61939b4327be3da688cec349
B_Arabics_Style.ttf,B Arabic Style Regular,B Arabic Style,2000-Iran-Fonts-www.P30Day.com.rar (B.Borna.Rayaneh.ttf-png),"unknown (P30Day collection, terms not verified)",012e38b00c1e01d751885a08eae1fb5820acc63bcb20ba94d2255d5f2096af30
B_Arash.ttf,B Arash Regular,B Arash,2000-Iran-Fonts-www.P30Day.com.rar (B.Borna.Rayaneh.ttf-png),"unknown (P30Day collection, terms not verified)",3ade34b43f6cfcf5f7940ea5925c21d84e08772d76f47202199f34b825622bf4
B_Aria.ttf,B Aria Regular,B Aria,2000-Iran-Fonts-www.P30Day.com.rar (B.Borna.Rayaneh.ttf-png),"unknown (P30Day collection, terms not verified)",1e0bc7449d60c4345ec00886d0c408c34e4b18b8fa1c354a59a79840585e115b
B_Arshia.ttf,B Arshia Regular,B Arshia,2000-Iran-Fonts-www.P30Day.com.rar (B.Borna.Rayaneh.ttf-png),"unknown (P30Day collection, terms not verified)",23f3ba15600dd77b21a685ea03e97970c9ef36ea695ecec856fda90f4d1c7a0f
B_Badkonak.ttf,B Badkonak Regular,B Badkonak,2000-Iran-Fonts-www.P30Day.com.rar (B.Borna.Rayaneh.ttf-png),"unknown (P30Day collection, terms not verified)",fc9da734dbc24f96fff1b1a47d787a1c16007da40597370e13fe7680d69647e0
B_Badr_Bold.ttf,B Badr Bold,B Badr,2000-Iran-Fonts-www.P30Day.com.rar (B.Borna.Rayaneh.ttf-png),"unknown (P30Day collection, terms not verified)",f0cc42ad4eaedd915536be6d5761e24c6659a65e003b813cd671a15dd409a8bf
B_Badr.ttf,B Badr Regular,B Badr,2000-Iran-Fonts-www.P30Day.com.rar (B.Borna.Rayaneh.ttf-png),"unknown (P30Day collection, terms not verified)",29580ccc26cd082b82a2d22f241d6e470e8d4e6b968098facfcba646a6770fc3
B_Cheshmeh_Bold.ttf,B Cheshmeh Bold,B Cheshmeh,2000-Iran-Fonts-www.P30Day.com.rar (B.Borna.Rayaneh.ttf-png),"unknown (P30Day collection, terms not verified)",0d1f6338cdfec5082bcbff93334eef0ce05bf3338f4911dd5dc7506027cae0a4
B_Cheshmeh.ttf,B Cheshmeh Regular,B Cheshmeh,2000-Iran-Fonts-www.P30Day.com.rar (B.Borna.Rayaneh.ttf-png),"unknown (P30Day collection, terms not verified)",7e11b7d54f70acacb38da0675626f71363e5124af9d9f3da4c19a6fe6d809858
B_Chini.ttf,B Chini Regular,B Chini,2000-Iran-Fonts-www.P30Day.com.rar (B.Borna.Rayaneh.ttf-png),"unknown (P30Day collection, terms not verified)",5b7668237f655552a46808c7037097cd4ca7d0e30c21c4454079e2c6155b9993
B_Compset_Bold.ttf,B Compset Bold,B Compset,2000-Iran-Fonts-www.P30Day.com.rar (B.Borna.Rayaneh.ttf-png),"unknown (P30Day collection, terms not verified)",bf80e9a0d4614cf03a0519f714140410a27b561dd0d4a18951f6a6b07c4ad3ef
B_Compset.ttf,B Compset Regular,B Compset,2000-Iran-Fonts-www.P30Day.com.rar (B.Borna.Rayaneh.ttf-png),"unknown (P30Day collection, terms not verified)",764a79242b3db29b17904bbe6a625b7e098ce30a9c179c079427373319a51ccb
B_Fantezy.ttf,B Fantezy Regular,B Fantezy,2000-Iran-Fonts-www.P30Day.com.rar (B.Borna.Rayaneh.ttf-png),"unknown (P30Day collection, terms not verified)",82e2400c43f43e9a09e15cc923e87ee4f0150e556164f9c9377c1b30e80c203a
B_Farnaz.ttf,B Farnaz Regular,B Farnaz,2000-Iran-Fonts-www.P30Day.com.rar (B.Borna.Rayaneh.ttf-png),"unknown (P30Day collection, terms not verified)",5ae5bb7e9aa39a2c00961ea7b8bd9a9b332ad86f2839ca1f9fa0405682a310bb
B_Ferdosi.ttf,B Ferdosi Regular,B Ferdosi,2000-Iran-Fonts-www.P30Day.com.rar (B.Borna.Rayaneh.ttf-png),"unknown (P30Day collection, terms not verified)",6e2441740991ad9cbbbf94d6379bd14bafad02de3d846e6fb183aa2e2b83bb93
B_Haleh_Bold.ttf,B Haleh Bold,B Haleh,2000-Iran-Fonts-www.P30Day.com.rar (B.Borna.Rayaneh.ttf-png),"unknown (P30Day collection, terms not verified)",be96b8b3bf1f2ea12bbc868da5ee281d269a9a637f4f0c52c6e06197b11a3672
B_Haleh.ttf,B Haleh Regular,B Haleh,2000-Iran-Fonts-www.P30Day.com.rar (B.Borna.Rayaneh.ttf-png),"unknown (P30Day collection, terms not verified)",3035d84ea49930a5e8227d9dc18922f7ca0a06eba5947484631672c48ee30a39
B_Homa.ttf,B Homa Regular,B Homa,2000-Iran-Fonts-www.P30Day.com.rar (B.Borna.Rayaneh.ttf-png),"unknown (P30Day collection, terms not verified)",8b9d4b4b07296c3c147c5183ceb013c42a9e99fa3f468ad347e37896f8b9a7e6
B_Jadid_Bold.ttf,B Jadid Bold,B Jadid,2000-Iran-Fonts-www.P30Day.com.rar (B.Borna.Rayaneh.ttf-png),"unknown (P30Day collection, terms not verified)",213edab8ba4d27f37acc69ab74259167bdc10ffbce3e6b2c25ac9dca120f50a6
B_Jalal_Bold.ttf,B Jalal Bold,B Jalal,2000-Iran-Fonts-www.P30Day.com.rar (B.Borna.Rayaneh.ttf-png),"unknown (P30Day collection, terms not verified)",bea24025fcd0e2f17f1d1b2fd7459fa948695535ee9fa786929ac518467bd358
B_Jalal.ttf,B Jalal Regular,B Jalal,2000-Iran-Fonts-www.P30Day.com.rar (B.Borna.Rayaneh.ttf-png),"unknown (P30Day collection, terms not verified)",c102b0de1a2aab77d587329264874346749b94b0562ce3e8186a6fc9de6bcc88
B_Johar.ttf,B Johar Regular,B Johar,2000-Iran-Fonts-www.P30Day.com.rar (B.Borna.Rayaneh.ttf-png),"unknown (P30Day collection, terms not verified)",9046f19daab3a6a159ed56eb5de719ae749a9510f7599a824897358a881beee2
B_Kaveh.ttf,B Kaveh Regular,B Kaveh,2000-Iran-Fonts-www.P30Day.com.rar (B.Borna.Rayaneh.ttf-png),"unknown (P30Day collection, terms not verified)",3ee0e0e966dc88e5a7831e4450c4db3ffa8ceba7736d8d344a326811474fdb71
B_Kidnap.ttf,B Kidnap Regular,B Kidnap,2000-Iran-Fonts-www.P30Day.com.rar (B.Borna.Rayaneh.ttf-png),"unknown (P30Day collection, terms not verified)",bf9390de2c9773ab1512f96076c948a34ccf1fd16263933aa44dc105e901922f
B_Koodak_Bold.ttf,B Koodak Bold,B Koodak,2000-Iran-Fonts-www.P30Day.com.rar (B.Borna.Rayaneh.ttf-png),"unknown (P30Day collection, terms not verified)",5fd93a626bda3e75f0ee6ce429f15acbd32cc5278b1d1d6fcf25a64ec693efc4
B_Koodak_Outline.ttf,B Koodak Outline Regular,B Koodak Outline,2000-Iran-Fonts-www.P30Day.com.rar (B.Borna.Rayaneh.ttf-png),"unknown (P30Day collection, terms not verified)",e0cc7b6d869673fb43cdd5fc6a47b3a2f63918e25363899e78bc6d4c0d34bc6e
B_Kourosh.ttf,B Kourosh Regular,B Kourosh,2000-Iran-Fonts-www.P30Day.com.rar (B.Borna.Rayaneh.ttf-png),"unknown (P30Day collection, terms not verified)",a45e071546493544e15205b366b6d43c64f62e84b0dd6e2883773afc4f451da3
B_Lotus_Bold.ttf,B Lotus Bold,B Lotus,2000-Iran-Fonts-www.P30Day.com.rar (B.Borna.Rayaneh.ttf-png),"unknown (P30Day collection, terms not verified)",192cc941b0ca1d4bd2dd05a9efe6494ac50df0ebdb499cc420e6bd8198340bbd
B_Lotus.ttf,B Lotus Regular,B Lotus,2000-Iran-Fonts-www.P30Day.com.rar (B.Borna.Rayaneh.ttf-png),"unknown (P30Day collection, terms not verified)",c9c262f1ec2c8ff05d78fc1c964698ecc9cc1b2e3553f7e8bda8559ffc1333c2
B_Mahsa.ttf,B Mahsa Regular,B Mahsa,2000-Iran-Fonts-www.P30Day.com.rar (B.Borna.Rayaneh.ttf-png),"unknown (P30Day collection, terms not verified)",361b40d03219b9756aad4017153b19998bc51082d416978c2b97eae8236ceada
B_Majid_Shadow.ttf,B Majid Shadow Regular,B Majid Shadow,2000-Iran-Fonts-www.P30Day.com.rar (B.Borna.Rayaneh.ttf-png),"unknown (P30Day collection, terms not verified)",3c4a890f67c60572c096f2ef806aea0178882b1b89d057bf157f1e51c7094219
B_Mashhad_Bold_Italic.ttf,B Mashhad BoldItalic,B Mashhad,2000-Iran-Fonts-www.P30Day.com.rar (B.Borna.Rayaneh.ttf-png),"unknown (P30Day collection, terms not verified)",a60a7d7b2ddcc4390afb3af266e3986fe50ddf3a2b683d557ec79e03d2fc8775
B_Mashhad_Bold.ttf,B Mashhad Bold,B Mashhad,2000-Iran-Fonts-www.P30Day.com.rar (B.Borna.Rayaneh.ttf-png),"unknown (P30Day collection, terms not verified)",36d1924b99fc5a0d0f32b15b4d2db8eb67b385be1baa69d1665af535e4035329
B_Mashhad_Italic.ttf,B Mashhad Italic,B Mashhad,2000-Iran-Fonts-www.P30Day.com.rar (B.Borna.Rayaneh.ttf-png),"unknown (P30Day collection, terms not verified)",1b6de9f510dcaa74b6c31e585b623981b8b7931fc5b60ca6324cbbba9e8e1321
B_Mashhad.ttf,B Mashhad Regular,B Mashhad,2000-Iran-Fonts-www.P30Day.com.rar (B.Borna.Rayaneh.ttf-png),"unknown (P30Day collection, terms not verified)",48bb645bccb4d29670289f9f01de67da418fb227dcb266828526e29503a8fd52
B_Masjed.ttf,B Masjed Regular,B Masjed,2000-Iran-Fonts-www.P30Day.com.rar (B.Borna.Rayaneh.ttf-png),"unknown (P30Day collection, terms not verified)",42d173e81687179e357852e19e095cbb6a806a5f748451222e1ebcea33fc5085
B_Medad.ttf,B Medad Regular,B Medad,2000-Iran-Fonts-www.P30Day.com.rar (B.Borna.Rayaneh.ttf-png),"unknown (P30Day collection, terms not verified)",bdce83ce5df50af0f8a21944084dad3f886f3eb53a094bbc5e41798b28017886
B_Mitra_Bold.ttf,B Mitra Bold,B Mitra,2000-Iran-Fonts-www.P30Day.com.rar (B.Borna.Rayaneh.ttf-png),"unknown (P30Day collection, terms not verified)",85a4ea933672892c3d03cd7c590cc1b3809677be9f42a6f12c5532c89a3b0de4
B_Mitra.ttf,B Mitra Regular,B Mitra,2000-Iran-Fonts-www.P30Day.com.rar (B.Borna.Rayaneh.ttf-png),"unknown (P30Day collection, terms not verified)",5ca115be76d772816fdce608b3ddb9f548d28f0fe08a550c5c9e7b6e40ef3109
B_Moj.ttf,B Moj Regular,B Moj,2000-Iran-Fonts-www.P30Day.com.rar (B.Borna.Rayaneh.ttf-png),"unknown (P30Day collection, terms not verified)",61227ebdd338374abbe25fcdcb434168ed1e415aa4c6cd5e8b17d032592a04b9
B_Morvarid.ttf,B Morvarid Regular,B Morvarid,2000-Iran-Fonts-www.P30Day.com.rar (B.Borna.Rayaneh.ttf-png),"unknown (P30Day collection, terms not verified)",116a1ee8f052d02363f6216069cb595a8248a654fdfb5a5ee3c54f9c7f2d800a
B_Narm.ttf,B Narm Regular,B Narm,2000-Iran-Fonts-www.P30Day.com.rar (B.Borna.Rayaneh.ttf-png),"unknown (P30Day collection, terms not verified)",12fd767c94e161b64e6629976cc5ed62d8e81d217b1c2d8fbe5817db5e18029e
B_Nasim_Bold.ttf,B Nasim Bold,B Nasim,2000-Iran-Fonts-www.P30Day.com.rar (B.Borna.Rayaneh.ttf-png),"unknown (P30Day collection, terms not verified)",563076b155ef9d69c807553817e84c311adca4da3cd1da12819535d256c42c2c
B_Nazanin_Bold.ttf,B Nazanin Bold,B Nazanin,2000-Iran-Fonts-www.P30Day.com.rar (B.Borna.Rayaneh.ttf-png),"unknown (P30Day collection, terms not verified)",2293311d5738f48bf7dbf3bb38e1b7fa1475e955893e0b026258493ac1d4658c
B_Nazanin_Outline.ttf,B Nazanin Outline Regular,B Nazanin Outline,2000-Iran-Fonts-www.P30Day.com.rar (B.Borna.Rayaneh.ttf-png),"unknown (P30Day collection, terms not verified)",772ed0adc0be930d5833212417f7784ff76f1eaea41e19227ac283827368e7b6
B_Nazanin.ttf,B Nazanin Regular,B Nazanin,2000-Iran-Fonts-www.P30Day.com.rar (B.Borna.Rayaneh.ttf-png),"unknown (P30Day collection, terms not verified)",7ae508e94fbbf35f1a43f7a93d125f003debcf0e0af64805309f3a3ebac4188c
B_Paatch_Bold.ttf,B Paatch Bold,B Paatch,2000-Iran-Fonts-www.P30Day.com.rar (B.Borna.Rayaneh.ttf-png),"unknown (P30Day collection, terms not verified)",89b96133a2f09a4fcd7e47d32da9bca749fd04c622678a958db8f1a3df84c854
B_Paatch.ttf,B Paatch Regular,B Paatch,2000-Iran-Fonts-www.P30Day.com.rar (B.Borna.Rayaneh.ttf-png),"unknown (P30Day collection, terms not verified)",13fb84f4d9799c06b7f773b6ee60b74038b7034ebab1ee0fdf97263663fd107d
B_Roya_Bold.ttf,B Roya Bold,B Roya,2000-Iran-Fonts-www.P30Day.com.rar (B.Borna.Rayaneh.ttf-png),"unknown (P30Day collection, terms not verified)",9b2ceb7ce3c44ff7faad7873bfc56f9b70963f0cdd545b60e91f8db89edec5d7
B_Roya.ttf,B Roya Regular,B Roya,2000-Iran-Fonts-www.P30Day.com.rar (B.Borna.Rayaneh.ttf-png),"unknown (P30Day collection, terms not verified)",f8ef080381bacabf1da3fe20e937cebb73b270bd1c6299e68e803de6406833ed
B_Sahra.ttf,B Sahra Regular,B Sahra,2000-Iran-Fonts-www.P30Day.com.rar (B.Borna.Rayaneh.ttf-png),"unknown (P30Day collection, terms not verified)",42900dd9834cf13b43085ab8c90e7d5f1230340df97ab8e1f5923f32f3d63580
B_Setareh_Bold.ttf,B Setareh Bold,B Setareh,2000-Iran-Fonts-www.P30Day.com.rar (B.Borna.Rayaneh.ttf-png),"unknown (P30Day collection, terms not verified)",3efa4f50e9597226e1ebeb244f5afbe1a7d4463f3e2e8a809823c413532f5218
B_Siavash.ttf,B Siavash Regular,B Siavash,2000-Iran-Fonts-www.P30Day.com.rar (B.Borna.Rayaneh.ttf-png),"unknown (P30Day collection, terms not verified)",1bb7668280bef84e5b8749e6aaedc39b52e296a1f4d6cac9e6d6579599ee3830
B_Sina_Bold.ttf,B Sina Bold,B Sina,2000-Iran-Fonts-www.P30Day.com.rar (B.Borna.Rayaneh.ttf-png),"unknown (P30Day collection, terms not verified)",2466e395667cc969d9def55b44f9099e567295356adeb013130887687a662bb9
B_Sooreh_Bold.ttf,B Sooreh Bold,B Sooreh,2000-Iran-Fonts-www.P30Day.com.rar (B.Borna.Rayaneh.ttf-png),"unknown (P30Day collection, terms not verified)",24a3d352b682b08eac5afe04e4c1835cb101e1a08e21320e52d4037dfc754d9f
B_Sooreh.ttf,B Sooreh Regular,B Sooreh,2000-Iran-Fonts-www.P30Day.com.rar (B.Borna.Rayaneh.ttf-png),"unknown (P30Day collection, terms not verified)",fbb8f46af514f9ff312fa34c2a6a2f85c800113b9f938955cd7ec889b82d141b
B_Sorkhpust.ttf,B Sorkhpust Regular,B Sorkhpust,2000-Iran-Fonts-www.P30Day.com.rar (B.Borna.Rayaneh.ttf-png),"unknown (P30Day collection, terms not verified)",29fcba44ffa75fb5d9c8e928e0fc38decbe3381d2b29248cc65a476afb16a592
B_Tabssom.ttf,B Tabassom Regular,B Tabassom,2000-Iran-Fonts-www.P30Day.com.rar (B.Borna.Rayaneh.ttf-png),"unknown (P30Day collection, terms not verified)",6657676bc7dcf6e6f675f6df67417e7eadbee7a70978ea71e864fc0a00a3deb1
B_Tanab.ttf,B Tanab Regular,B Tanab,2000-Iran-Fonts-www.P30Day.com.rar (B.Borna.Rayaneh.ttf-png),"unknown (P30Day collection, terms not verified)",cd00472ba7d7e30d94542f535074c692ac456c4a3263e7bce81c9b61e6981815
B_Tawfig_Outline.ttf,B Tawfig Outline Regular,B Tawfig Outline,2000-Iran-Fonts-www.P30Day.com.rar (B.Borna.Rayaneh.ttf-png),"unknown (P30Day collection, terms not verified)",12f6f656d5e7fc892d708b4edb42a6f23d7c6e60a3a05a32ac3332cf3821908f
B_Tehran_Italic.ttf,B Tehran Italic,B Tehran,2000-Iran-Fonts-www.P30Day.com.rar (B.Borna.Rayaneh.ttf-png),"unknown (P30Day collection, terms not verified)",18477d570602536c7e83d31fa90bd2301ec9ebe33cb542c93593e89d688f1cbe
B_Tehran.ttf,B Tehran Regular,B Tehran,2000-Iran-Fonts-www.P30Day.com.rar (B.Borna.Rayaneh.ttf-png),"unknown (P30Day collection, terms not verified)",5ad92d3abd7dc3df3f8dbeb8476655facdf09e1e3c2378d0996b6c7582862c6d
B_Tir.ttf,B Tir Regular,B Tir,2000-Iran-Fonts-www.P30Day.com.rar (B.Borna.Rayaneh.ttf-png),"unknown (P30Day collection, terms not verified)",771483c5e3505f2c96eafafe739b4c40afc0dc9685e169dc8c71011586e94e6d
B_Traffic_Bold.ttf,B Traffic Bold,B Traffic,2000-Iran-Fonts-www.P30Day.com.rar (B.Borna.Rayaneh.ttf-png),"unknown (P30Day collection, terms not verified)",baaa8145646b504576d1814d7c38f561c9db7eaea01614450cf86c3227a0cf1f
B_Traffic.ttf,B Traffic Regular,B Traffic,2000-Iran-Fonts-www.P30Day.com.rar (B.Borna.Rayaneh.ttf-png),"unknown (P30Day collection, terms not verified)",b70fe4c64e47e9ea9ba1d190f02533729c42d8112911f70861c27ea9d81e2f9b
B_Vahid_Bold.ttf,B Vahid Bold,B Vahid,2000-Iran-Fonts-www.P30Day.com.rar (B.Borna.Rayaneh.ttf-png),"unknown (P30Day collection, terms not verified)",dd83700173499d9cab29fd538c7842338719dd82f63a99d7704ec8e151b0e842
B_Vosta_Italic.ttf,B Vosta Italic,B Vosta,2000-Iran-Fonts-www.P30Day.com.rar (B.Borna.Rayaneh.ttf-png),"unknown (P30Day collection, terms not verified)",883240645f4bcd1cd8a4627d9935523ab617707e0cefa46450f52f320a87d6bf
B_Vosta.ttf,B Vosta Regular,B Vosta,2000-Iran-Fonts-www.P30Day.com.rar (B.Borna.Rayaneh.ttf-png),"unknown (P30Day collection, terms not verified)",6268aaad8046ccd345b5afb0f82155c33df96265b03830feae9260724861e0c5
B_Yagut_Bold.ttf,B Yagut Bold,B Yagut,2000-Iran-Fonts-www.P30Day.com.rar (B.Borna.Rayaneh.ttf-png),"unknown (P30Day collection, terms not verified)",655291c4800bfc65571169d7ff12e5041e8ee3f1a4393ce4e478aab99605cba5
B_Yagut.ttf,B Yagut Regular,B Yagut,2000-Iran-Fonts-www.P30Day.com.rar (B.Borna.Rayaneh.ttf-png),"unknown (P30Day collection, terms not verified)",e2f9467c4e1dd9b582cb655c73250699fbf0c93be2e2f0188b79d690c60b725b
B_Yas_Bold.ttf,B Yas Bold,B Yas,2000-Iran-Fonts-www.P30Day.com.rar (B.Borna.Rayaneh.ttf-png),"unknown (P30Day collection, terms not verified)",16d8de916fdfc7d637b2f967c6d0a4f711abacfb5ab3feb853f20dbf36078f36
B_Yas.ttf,B Yas Regular,B Yas,2000-Iran-Fonts-www.P30Day.com.rar (B.Borna.Rayaneh.ttf-png),"unknown (P30Day collection, terms not verified)",51652fed1fdcf27823768a2d1436183de0af6f583edabf3e06952e765291728c
B_Yekan.ttf,B Yekan Regular,B Yekan,2000-Iran-Fonts-www.P30Day.com.rar (B.Borna.Rayaneh.ttf-png),"unknown (P30Day collection, terms not verified)",071b1c605c61c1cdfdab13eac9c95dc53911763a692a318c844209b87b6a6828
B_Zar_Bold.ttf,B Zar Bold,B Zar,2000-Iran-Fonts-www.P30Day.com.rar (B.Borna.Rayaneh.ttf-png),"unknown (P30Day collection, terms not verified)",f043cf6931a817652b624a2de6c8fdebecdc92859e4f7ebc7befe17ea7833b2e
B_Zar.ttf,B Zar Regular,B Zar,2000-Iran-Fonts-www.P30Day.com.rar (B.Borna.Rayaneh.ttf-png),"unknown (P30Day collection, terms not verified)",44ad9c1f469f84fcbd746e9dde1231bb8c9ac44a11378c919043f8eec6425ec8
B_Ziba.ttf,B Ziba Regular,B Ziba,2000-Iran-Fonts-www.P30Day.com.rar (B.Borna.Rayaneh.ttf-png),"unknown (P30Day collection, terms not verified)",206f6cfdb0cc963fcb0a94a7b5daa71b255280b76a22459f1b8f2dfd89cc4965
dara-_latin-banaei-conect.ttf,dara- latin-banaei-conect Regular,dara- latin-banaei-conect,2000-Iran-Fonts-www.P30Day.com.rar (Dara.ttf-png),"unknown (P30Day collection, terms not verified)",6c89418d58e000344fb483f0e1e25d2a3d25cf2d95dd540e59eae6740f224e1a
dara-fer.ttf,dara-fer Regular,dara-fer,2000-Iran-Fonts-www.P30Day.com.rar (Dara.ttf-png),"unknown (P30Day collection, terms not verified)",e9a58eaade73ecdbb3678750fb16a9fa65ade52123097aa4d592b5f15e921fb9
dara-form.ttf,dara-form Regular,dara-form,2000-Iran-Fonts-www.P30Day.com.rar (Dara.ttf-png),"unknown (P30Day collection, terms not verified)",334bd2031a67694abc406f4d18f5fd051d7e359cff629bdd4cebc0fee960cdf0
dara-lux.ttf,dara-lux Regular,dara-lux,2000-Iran-Fonts-www.P30Day.com.rar (Dara.ttf-png),"unknown (P30Day collection, terms not verified)",38beb043722250f3091136c1dc74c7bd569925195bfdd260906742c4269cfa1d
dara-magic.ttf,dara-magic Regular,dara-magic,2000-Iran-Fonts-www.P30Day.com.rar (Dara.ttf-png),"unknown (P30Day collection, terms not verified)",8725c4175f9189b581a82d5c048ca3c241119a85bbddbc6a08d7fb82c8d9e8df
dara-peyvastee.ttf,dara-peyvastee Regular,dara-peyvastee,2000-Iran-Fonts-www.P30Day.com.rar (Dara.ttf-png),"unknown (P30Day collection, terms not verified)",1d6760825476c51e22e9f5930418e0e1b5a26f12780cb4410de8f67021fcb33c
dara-sarve2.ttf,dara-sarve2 Regular,dara-sarve2,2000-Iran-Fonts-www.P30Day.com.rar (Dara.ttf-png),"unknown (P30Day collection, terms not verified)",850650e4edfb974a536ffa37d34eae04f52318f3677edf04786f62be10e332a4
dara-voice2.ttf,dara-voice2 Regular,dara-voice2,2000-Iran-Fonts-www.P30Day.com.rar (Dara.ttf-png),"unknown (P30Day collection, terms not verified)",e384ee37cc719d638f197d9ae93c1c4cff1e3295a1d2f9bf420b4d815576b5df
dara-zanjir.ttf,dara-zanjir Regular,dara-zanjir,2000-Iran-Fonts-www.P30Day.com.rar (Dara.ttf-png),"unknown (P30Day collection, terms not verified)",32056ae9d6f17c5f7a6665d20d750bac67d4a0090ff287f14cd43d3c51f7af1d
dara-zar.ttf,dara-zar Regular,dara-zar,2000-Iran-Fonts-www.P30Day.com.rar (Dara.ttf-png),"unknown (P30Day collection, terms not verified)",30250e7d6fffd16695bd3abf0fff337d4f13066d1159a4bb684220f280883981
Badr_Mazar.ttf,Badr Mazar Regular,Badr Mazar,2000-Iran-Fonts-www.P30Day.com.rar (Mazar.Masoud.Mazar.ttf-png),"unknown (P30Day collection, terms not verified)",59beb93c068987aa81f7c87ec230881a7afc844b06fde64fc27e9642d121a926
Compset_Mazar.ttf,Compset Mazar Regular,Compset Mazar,2000-Iran-Fonts-www.P30Day.com.rar (Mazar.Masoud.Mazar.ttf-png),"unknown (P30Day collection, terms not verified)",0284add7f80e6633da6b437f83250db51e2bbe599bd8549ab4eec5d4f525dc9d
Divani_Mazar.ttf,Divani Mazar Regular,Divani Mazar,2000-Iran-Fonts-www.P30Day.com.rar (Mazar.Masoud.Mazar.ttf-png),"unknown (P30Day collection, terms not verified)",a5cb1a759ecd1baccdee9395680e0786543c17505aa851b029828d4ea5fdae86
Ferdosi_Mazar.ttf,Ferdosi Mazar Regular,Ferdosi Mazar,2000-Iran-Fonts-www.P30Day.com.rar (Mazar.Masoud.Mazar.ttf-png),"unknown (P30Day collection, terms not verified)",bd64e516cd6ca6e6f4887a47bae1409fdac4191d2a26d6148ccd45d9b32fe166
Grand_Kufi_Mazar.ttf,Grand Kufi Mazar Regular,Grand Kufi Mazar,2000-Iran-Fonts-www.P30Day.com.rar (Mazar.Masoud.Mazar.ttf-png),"unknown (P30Day collection, terms not verified)",1294afb28020df8c9e1481ea62bb532b205b5b5a022e62ed1226ef5f3bdacd90
Koodak_Mazar.ttf,Koodak Mazar Regular,Koodak Mazar,2000-Iran-Fonts-www.P30Day.com.rar (Mazar.Masoud.Mazar.ttf-png),"unknown (P30Day collection, terms not verified)",68cd1d1ccefb671a89964921dc8339993aa8ae2d6a365a481303bc9c13cbf379
Lotus_Mazar.ttf,Lotus Mazar Regular,Lotus Mazar,2000-Iran-Fonts-www.P30Day.com.rar (Mazar.Masoud.Mazar.ttf-png),"unknown (P30Day collection, terms not verified)",7fa74a2e5c840245a1afb8970c5488099758ed50aa9cddb5a71e5376860baee9
Majalle_Mazar.ttf,Majalle Mazar Regular,Majalle Mazar,2000-Iran-Fonts-www.P30Day.com.rar (Mazar.Masoud.Mazar.ttf-png),"unknown (P30Day collection, terms not verified)",b29f5a3d82b613af520223d3bfbf043b6d2608547b163abbca1af9d248fc71de
Majiid_Mazar.ttf,Majiid Mazar Regular,Majiid Mazar,2000-Iran-Fonts-www.P30Day.com.rar (Mazar.Masoud.Mazar.ttf-png),"unknown (P30Day collection, terms not verified)",d3b3cd9ec693f611e574124d850eb19da17c29a929069f6a6ac440e21c43e943
Majiid_Shaded_Mazar.ttf,Majiid Shaded Mazar Regular,Majiid Shaded Mazar,2000-Iran-Fonts-www.P30Day.com.rar (Mazar.Masoud.Mazar.ttf-png),"unknown (P30Day collection, terms not verified)",3dd936d85726f35b0d5ba1c5fb1611fc502aad7091f3cb8d43718bb708503b18
Mashgh_Mazar.ttf,Mashgh Mazar Regular,Mashgh Mazar,2000-Iran-Fonts-www.P30Day.com.rar (Mazar.Masoud.Mazar.ttf-png),"unknown (P30Day collection, terms not verified)",8a3c1b252c78eecfef60d99bd99862cd06dcb12e056a853ac0d4dfd4aed3e7b3
Mitra_Bold_Mazar.ttf,Mitra Bold Mazar Regular,Mitra Bold Mazar,2000-Iran-Fonts-www.P30Day.com.rar (Mazar.Masoud.Mazar.ttf-png),"unknown (P30Day collection, terms not verified)",a301de49d2c04cbbe8954a02590e6a41dbc370147da66365d467e97d07d80694
Mudir_Mazar.ttf,Mudir Mazar Regular,Mudir Mazar,2000-Iran-Fonts-www.P30Day.com.rar (Mazar.Masoud.Mazar.ttf-png),"unknown (P30Day collection, terms not verified)",5c133a0f36e61ab9fc0b9c6c49e01cc728c8a7a2751e38ff01ee1dd78ad0a6f0
Najah.ttf,Najah Regular,Najah,2000-Iran-Fonts-www.P30Day.com.rar (Mazar.Masoud.Mazar.ttf-png),"unknown (P30Day collection, terms not verified)",84dd1521ba2ab6686b2ace87982766a8799a0a1240bef308d128403f310542c9
Nasim_Mazar.ttf,Nasim Mazar Regular,Nasim Mazar,2000-Iran-Fonts-www.P30Day.com.rar (Mazar.Masoud.Mazar.ttf-png),"unknown (P30Day collection, terms not verified)",965967f1547ed57fdc017b7ceb1ff70722cba27ddbdd4e5fc5a194572ddbee9a
Naskh_Mazar.ttf,Naskh Mazar Regular,Naskh Mazar,2000-Iran-Fonts-www.P30Day.com.rar (Mazar.Masoud.Mazar.ttf-png),"unknown (P30Day collection, terms not verified)",990fe722889d27f10b5666de54ee6af4352dc7690fd15b2bc6288b5e243ed6bc
Nazanin_Mazar.ttf,Nazanin Mazar Regular,Nazanin Mazar,2000-Iran-Fonts-www.P30Day.com.rar (Mazar.Masoud.Mazar.ttf-png),"unknown (P30Day collection, terms not verified)",eb4136b95f0aa667434ceb0056e163d65176adefa35762b0728a803fd43b6e47
Raghe_Mazar.ttf,Raghe Mazar Regular,Raghe Mazar,2000-Iran-Fonts-www.P30Day.com.rar (Mazar.Masoud.Mazar.ttf-png),"unknown (P30Day collection, terms not verified)",2e63b86bb8363353a273c6ce2164d3bf4e291ab012c5199f6f7c249aa24eea80
Reyhan_Mazar.ttf,Reyhan Mazar Regular,Reyhan Mazar,2000-Iran-Fonts-www.P30Day.com.rar (Mazar.Masoud.Mazar.ttf-png),"unknown (P30Day collection, terms not verified)",d237726933bbf1808372d0756f306b7275878407c07899763d40785f87d5ae78
Shafigh_Mazar_Italic.ttf,Shafigh Mazar Italic,Shafigh Mazar,2000-Iran-Fonts-www.P30Day.com.rar (Mazar.Masoud.Mazar.ttf-png),"unknown (P30Day collection, terms not verified)",5aff7f9036a7df896aa2d9e9d1e6cc950e5148431437abe59a2fbbe9b02191ef
Shafigh_Mazar.ttf,Shafigh Mazar Regular,Shafigh Mazar,2000-Iran-Fonts-www.P30Day.com.rar (Mazar.Masoud.Mazar.ttf-png),"unknown (P30Day collection, terms not verified)",adbe63401ccb67f7a2b05c7f358d4750c715717d03dfb81f2355596cd414b249
Siavash_Mazar.ttf,Siavash Mazar Regular,Siavash Mazar,2000-Iran-Fonts-www.P30Day.com.rar (Mazar.Masoud.Mazar.ttf-png),"unknown (P30Day collection, terms not verified)",794cf5566d6f1a5f1ef31e741f4aca416c459966e9a7e08003ab7c49806ab1e4
Sina_Mazar.ttf,Sina Mazar Regular,Sina Mazar,2000-Iran-Fonts-www.P30Day.com.rar (Mazar.Masoud.Mazar.ttf-png),"unknown (P30Day collection, terms not verified)",35c1a026ea0897e5e798087b71ba2bf8affb1d7951185a97ba62ada4ea1d6dce
Tawfigh_Mazar.ttf,Tawfigh Mazar Regular,Tawfigh Mazar,2000-Iran-Fonts-www.P30Day.com.rar (Mazar.Masoud.Mazar.ttf-png),"unknown (P30Day collection, terms not verified)",8c3296c38a01ab055647121c958d36b7a9ed6fc40afb04a56c61c0169a7e2141
Tawfiq_Outline_Mazar.ttf,Tawfig Outline Mazar Regular,Tawfig Outline Mazar,2000-Iran-Fonts-www.P30Day.com.rar (Mazar.Masoud.Mazar.ttf-png),"unknown (P30Day collection, terms not verified)",027f0d3eea3c1b4216985ea265247085dca097918312beef134bff7e0ed4400b
Thulth_Mazar.ttf,Thulth Mazar Regular,Thulth Mazar,2000-Iran-Fonts-www.P30Day.com.rar (Mazar.Masoud.Mazar.ttf-png),"unknown (P30Day collection, terms not verified)",2c6b1daa029ee189874dfc74f7cbc233c5fdc9e93802219e7a4cee6413b57cf2
Titr_Mazar.ttf,Titr Mazar Regular,Titr Mazar,2000-Iran-Fonts-www.P30Day.com.rar (Mazar.Masoud.Mazar.ttf-png),"unknown (P30Day collection, terms not verified)",72c4b8af5957b217fb47d70a08246ea2c32b3b5ed3a5894619fd12b89c6c4dd8
Trafic_Mazar.ttf,Trafic Mazar Regular,Trafic Mazar,2000-Iran-Fonts-www.P30Day.com.rar (Mazar.Masoud.Mazar.ttf-png),"unknown (P30Day collection, terms not verified)",70b68db4d31e405b4b7748527287190aed6e50a739b8f3dd266f98213d475f6a
Zar_Mazar.ttf,Zar Mazar Regular,Zar Mazar,2000-Iran-Fonts-www.P30Day.com.rar (Mazar.Masoud.Mazar.ttf-png),"unknown (P30Day collection, terms not verified)",acfeadcbbf90ee9fdbb32f1bd86a924e147ecd85c244ffa167f8a719c49289ba
LateefRegOT.ttf,Lateef Regular,Lateef,2000-Iran-Fonts-www.P30Day.com.rar (Mj.Mojtaba.Kia.ttf-png),"unknown (P30Day collection, terms not verified)",3d874ff315a1c477b4c5ae6f3d1d14dc7168ed9d62833132351abda6bd703091
Nesf.ttf,Nesf Regular,Nesf,2000-Iran-Fonts-www.P30Day.com.rar (Mj.Mojtaba.Kia.ttf-png),"unknown (P30Day collection, terms not verified)",308d56a94f1b084cf7afa1686fe2b8e6a387b480db919deebf811d773ee70850
Noor_e_Quran.ttf,Alvi Regular,Alvi,2000-Iran-Fonts-www.P30Day.com.rar (Mj.Mojtaba.Kia.ttf-png),"unknown (P30Day collection, terms not verified)",bc4cde3c1a1fc2a7e810455cfae6772ace65ed71bbae97a4a36addc8f11bc2dc
Scheherazade.ttf,Scheherazade Regular,Scheherazade,2000-Iran-Fonts-www.P30Day.com.rar (Mj.Mojtaba.Kia.ttf-png),"unknown (P30Day collection, terms not verified)",83b9fa0b4ed2a74612ac4406f54d3ff26dd6e1df34bc8eca29c512498f086ae4
Sultan_Adan_2Line.ttf,Sultan Adan 2Line Bold,Sultan Adan 2Line,2000-Iran-Fonts-www.P30Day.com.rar (Mj.Mojtaba.Kia.ttf-png),"unknown (P30Day collection, terms not verified)",4595c5e2de97977baecc6409f39078a59ca4775f1ad2c765d7352f438eb4793d
Sultan_Adan_3Line.ttf,Sultan Underline Bold (Sultan_Adan_3Line),Sultan Underline,2000-Iran-Fonts-www.P30Day.com.rar (Mj.Mojtaba.Kia.ttf-png),"unknown (P30Day collection, terms not verified)",00c380a3c57c92b7cfae16d1bc892a74bb4c033a6ea2e5e4fe0eab5dbd6e2466
Sultan_Adan_Bold.ttf,Sultan Adan Bold,Sultan Adan,2000-Iran-Fonts-www.P30Day.com.rar (Mj.Mojtaba.Kia.ttf-png),"unknown (P30Day collection, terms not verified)",733c772addab4e0e291c2af8e986f532eb10df27bc1e109f9d5c7f2108cf63a2
Sultan_Adan_Light.ttf,Sultan Adan Light Regular,Sultan Adan,2000-Iran-Fonts-www.P30Day.com.rar (Mj.Mojtaba.Kia.ttf-png),"unknown (P30Day collection, terms not verified)",bbe94972dee92bce5d440cc940c355ecfaa48dda1542837471311643cc25e971
Sultan_Adan_Outline.ttf,Sultan Adan Outline Bold,Sultan Adan Outline,2000-Iran-Fonts-www.P30Day.com.rar (Mj.Mojtaba.Kia.ttf-png),"unknown (P30Day collection, terms not verified)",a167a840a5b6512322b6cd59c2ca291772a39ff72911f83fc4408a80c0d5479d
Sultan_Free.ttf,Sultan Free Regular,Sultan Free,2000-Iran-Fonts-www.P30Day.com.rar (Mj.Mojtaba.Kia.ttf-png),"unknown (P30Day collection, terms not verified)",88f6521d1ca9babd0fcd3d4313179260dca503587281d812e155379c23580e5d
Sultan_K_Bold.ttf,Sultan K Bold Bold,Sultan K,2000-Iran-Fonts-www.P30Day.com.rar (Mj.Mojtaba.Kia.ttf-png),"unknown (P30Day collection, terms not verified)",f82522309a0b21a5a0904f0800c051c7eae9c1c99393e76d4c60d9ab1379a8b8
Sultan_K_Light.ttf,Sultan K Light Regular,Sultan K,2000-Iran-Fonts-www.P30Day.com.rar (Mj.Mojtaba.Kia.ttf-png),"unknown (P30Day collection, terms not verified)",7600f17d2ec96393e32791c06746c1af2701b7ac2d21b8e4a294216755dbd7af
Sultan_K_Medium.ttf,Sultan K Medium Bold,Sultan K,2000-Iran-Fonts-www.P30Day.com.rar (Mj.Mojtaba.Kia.ttf-png),"unknown (P30Day collection, terms not verified)",cbe1a7974a028d3d81736be14291ea7a870e96804c3ba081c0c62c13f8938cbd
Sultan_Koufi_Circular.ttf,Sultan Koufi Circular Bold,Sultan Koufi Circular,2000-Iran-Fonts-www.P30Day.com.rar (Mj.Mojtaba.Kia.ttf-png),"unknown (P30Day collection, terms not verified)",b1697f1cfff2dc8380eebf1e14d2659f0f0844c7dd067d9749ed96601991d132
Sultan_Koufi_High.ttf,Sultan Koufi High Bold,Sultan Koufi High,2000-Iran-Fonts-www.P30Day.com.rar (Mj.Mojtaba.Kia.ttf-png),"unknown (P30Day collection, terms not verified)",c1513e74198b69fbfdfd4e438d50890849bddc7c6b309610eb42d59dde7bef71
Sultan_Koufi_Very_High.ttf,Sultan Koufi Very High Bold,Sultan Koufi Very High,2000-Iran-Fonts-www.P30Day.com.rar (Mj.Mojtaba.Kia.ttf-png),"unknown (P30Day collection, terms not verified)",36c69a420de11313ca77cbac692d536a4f24e2c34e40178660f7e2b68d948f9c
Sultan_Koufi.ttf,Sultan Koufi Bold,Sultan Koufi,2000-Iran-Fonts-www.P30Day.com.rar (Mj.Mojtaba.Kia.ttf-png),"unknown (P30Day collection, terms not verified)",51de4f1ed96746aa454c3f142877b4fec66bd5d10fa74d02e84dab0120dfdd59
Sultan_Normal.ttf,Sultan Normal Regular (Sultan_Normal),Sultan,2000-Iran-Fonts-www.P30Day.com.rar (Mj.Mojtaba.Kia.ttf-png),"unknown (P30Day collection, terms not verified)",dbb357641f8e3eb1927a395a32dd9fb6b4d8f7fda86d9d6f9fe9447b2c9997cd
Sultan_Rectangle.ttf,Sultan Rectangle Regular,Sultan Rectangle,2000-Iran-Fonts-www.P30Day.com.rar (Mj.Mojtaba.Kia.ttf-png),"unknown (P30Day collection, terms not verified)",f301c1f7b7fac46adb38c9e9b8964a5fe5dec8b2e4a0d0b75b4ec90f0227042c
Sultan_Underline.ttf,Sultan Underline Regular (Sultan_Underline),Sultan Underline,2000-Iran-Fonts-www.P30Day.com.rar (Mj.Mojtaba.Kia.ttf-png),"unknown (P30Day collection, terms not verified)",ce7c953cae0156994b25bd76dc37d2461ebfb412d31562e11aaecc2d99c43190
Mj_AMina.ttf,Mj_AMina Regular,Mj_AMina,2000-Iran-Fonts-www.P30Day.com.rar (Mj.Mojtaba.Kia.ttf-png),"unknown (P30Day collection, terms not verified)",fa34e80d40cfdf0a1388758faf2bce37eacdfd5e7ee7209b114c2072c3dcb62f
Mj_AUres.ttf,Mj_AUres Bold,Mj_AUres,2000-Iran-Fonts-www.P30Day.com.rar (Mj.Mojtaba.Kia.ttf-png),"unknown (P30Day collection, terms not verified)",98760c24441d8f9ecbeb23d361ec56705eca73f3e9fba9f4caebfb625b9fd943
Mj_Abasan.ttf,Mj_Abasan Regular,Mj_Abasan,2000-Iran-Fonts-www.P30Day.com.rar (Mj.Mojtaba.Kia.ttf-png),"unknown (P30Day collection, terms not verified)",174641bcfbfe60cdd55abe760af338e5324fd96b9b660be0d0cf85a7a5b1d559
Mj_Abdoullah.ttf,Mj_Abdoullah Bold,Mj_Abdoullah,2000-Iran-Fonts-www.P30Day.com.rar (Mj.Mojtaba.Kia.ttf-png),"unknown (P30Day collection, terms not verified)",f9c224af0114bdbc706997b3e821a4e423424e552c81f58e0343354f37223df5
Mj_Adab.ttf,Mj_Adab Regular,Mj_Adab,2000-Iran-Fonts-www.P30Day.com.rar (Mj.Mojtaba.Kia.ttf-png),"unknown (P30Day collection, terms not verified)",5b0e364a7204619df73d51f247320f5591ec22df71445ece2198b01d41039eb5
Mj_Adell.ttf,Mj_Adell Regular,Mj_Adell,2000-Iran-Fonts-www.P30Day.com.rar (Mj.Mojtaba.Kia.ttf-png),"unknown (P30Day collection, terms not verified)",c107f4ab42b0a9bfe6fcecaf555dd9f7b19d0f065f01fe0db84e05149971b921
Mj_Advertising_Bold.ttf,Mj_Advertising Bold Bold,Mj_Advertising,2000-Iran-Fonts-www.P30Day.com.rar (Mj.Mojtaba.Kia.ttf-png),"unknown (P30Day collection, terms not verified)",ad820aa9fd1dd5202d081d2e8a18cd2be30c6a8c627897c5d9c1c71e4d499d94
Mj_Advertising_Extra_Bold.ttf,Mj_Advertising Extra Bold Bold,Mj_Advertising,2000-Iran-Fonts-www.P30Day.com.rar (Mj.Mojtaba.Kia.ttf-png),"unknown (P30Day collection, terms not verified)",1be0052faecfd4f44e05c1eefec81f61ba0881bbc069782a53699ec15d22956f
Mj_Advertising_Light.ttf,Mj_Advertising Light Regular,Mj_Advertising,2000-Iran-Fonts-www.P30Day.com.rar (Mj.Mojtaba.Kia.ttf-png),"unknown (P30Day collection, terms not verified)",fded89a5ff16da4a6409d3a04d5ebcf964962e266d04be49c9be038f2a01da2e
Mj_Advertising_Medium.ttf,Mj_Advertising Medium Regular,Mj_Advertising,2000-Iran-Fonts-www.P30Day.com.rar (Mj.Mojtaba.Kia.ttf-png),"unknown (P30Day collection, terms not verified)",4a881696b69d371f2f57000839445e33cc8ccf6f553289526070b46d0fbef7a7
Mj_Afaaq.ttf,Mj_Afaaq Bold,Mj_Afaaq,2000-Iran-Fonts-www.P30Day.com.rar (Mj.Mojtaba.Kia.ttf-png),"unknown (P30Day collection, terms not verified)",89235f9310c5e78e6077808f365c4a67f41be310bfb1d66d54099efb0c1d943d
Mj_Afrigha.ttf,Mj_Afrigha Regular,Mj_Afrigha,2000-Iran-Fonts-www.P30Day.com.rar (Mj.Mojtaba.Kia.ttf-png),"unknown (P30Day collection, terms not verified)",f0b84f9cf1949e091e5c2239c39999f34520cad26cb246d6a608d0bac59ef5de
Mj_Afsoon.ttf,Mj_Afsoon Regular,Mj_Afsoon,2000-Iran-Fonts-www.P30Day.com.rar (Mj.Mojtaba.Kia.ttf-png),"unknown (P30Day collection, terms not verified)",5b2dee116bd3e1e17c8c11ddd71d4fda010cbca7a5d13847218d102a86522e03
Mj_Akbar.ttf,Mj_Akbar Regular,Mj_Akbar,2000-Iran-Fonts-www.P30Day.com.rar (Mj.Mojtaba.Kia.ttf-png),"unknown (P30Day collection, terms not verified)",acc5bcaf72a57e5501755615bbb765b799291a77f281921feeea69af615e9a24
Mj_Alex.ttf,Mj_Alex Regular,Mj_Alex,2000-Iran-Fonts-www.P30Day.com.rar (Mj.Mojtaba.Kia.ttf-png),"unknown (P30Day collection, terms not verified)",fc167ae694e2e2c0e5510a91bd08e09c058f4eda89c8c852e85c83cbe92c3c72
Mj_Alphabet.ttf,Mj_Alphabet Regular,Mj_Alphabet,2000-Iran-Fonts-www.P30Day.com.rar (Mj.Mojtaba.Kia.ttf-png),"unknown (P30Day collection, terms not verified)",b3bbb04c91bb032c9dfd98635a342d4bed0b3ef4562f2cf01bed99f0a681ce9b
Mj_Aman.ttf,Sultan Normal Regular (Mj_Aman),Sultan,2000-Iran-Fonts-www.P30Day.com.rar (Mj.Mojtaba.Kia.ttf-png),"unknown (P30Day collection, terms not verified)",06d5ac1c8ef2f2ea6f96237976e6fdbb9e24fe044e625f11ace6843d0afcad91
Mj_Annab.ttf,Mj_Annab Regular,Mj_Annab,2000-Iran-Fonts-www.P30Day.com.rar (Mj.Mojtaba.Kia.ttf-png),"unknown (P30Day collection, terms not verified)",23e6a619a3bd0a983b9f22adde895f2130a2d383b23da9c87f1370634c436dab
Mj_Anoosh.ttf,Mj_Anoosh Regular,Mj_Anoosh,2000-Iran-Fonts-www.P30Day.com.rar (Mj.Mojtaba.Kia.ttf-png),"unknown (P30Day collection, terms not verified)",2bfae7e637b9becb2ca5731a1ce9f0c4ee7c1a2dc0f72dd2e106794b35515ea8
Mj_Aramco_Bold.ttf,Mj_Aramco Bold Bold,Mj_Aramco,2000-Iran-Fonts-www.P30Day.com.rar (Mj.Mojtaba.Kia.ttf-png),"unknown (P30Day collection, terms not verified)",2235be015d7abdae742f62fdf3c29784cab0bbc84141e92e8dc747b4b73f9ad2
Mj_Aramco_Light.ttf,Mj_Aramco Light Regular,Mj_Aramco,2000-Iran-Fonts-www.P30Day.com.rar (Mj.Mojtaba.Kia.ttf-png),"unknown (P30Day collection, terms not verified)",f7575f510b6ccbb0f1a6ff0c23b04c2a3449198485a18d70de63acf3390d3028
Mj_Aref.ttf,Mj_Aref Regular,Mj_Aref,2000-Iran-Fonts-www.P30Day.com.rar (Mj.Mojtaba.Kia.ttf-png),"unknown (P30Day collection, terms not verified)",dfc4717d2f9283d6eb4e5fd270d4cb692598b77d3db09c0fdc82eed800b46546
Mj_AridiKoufi.ttf,Mj_AridiKoufi Regular,Mj_AridiKoufi,2000-Iran-Fonts-www.P30Day.com.rar (Mj.Mojtaba.Kia.ttf-png),"unknown (P30Day collection, terms not verified)",5836b2561fe54ed20101e785c965362614eba84e88079cd9e0774f62ef455a6b
Mj_AridiNaskh_Black.ttf,Mj_AridiNaskh Black Bold,Mj_AridiNaskh,2000-Iran-Fonts-www.P30Day.com.rar (Mj.Mojtaba.Kia.ttf-png),"unknown (P30Day collection, terms not verified)",c2d12e8b516422e41337e51437df9d55ea31fca6b9b0356b0c486e97c8452450
Mj_AridiNaskh_Bold.ttf,Mj_AridiNaskh Bold Bold,Mj_AridiNaskh,2000-Iran-Fonts-www.P30Day.com.rar (Mj.Mojtaba.Kia.ttf-png),"unknown (P30Day collection, terms not verified)",14692010a6a8e43480fd3770250ee9d4faa506169483c6db3bc152aa211d8270
Mj_AridiNaskh_Plain.ttf,Mj_AridiNaskh Plain Regular,Mj_AridiNaskh Plain,2000-Iran-Fonts-www.P30Day.com.rar (Mj.Mojtaba.Kia.ttf-png),"unknown (P30Day collection, terms not verified)",51d99f14580763eb095e9e48df6817d8fbdbaace23d82b2a7330267a45d9d254
Mj_Art_Bold.ttf,Mj_Art Bold,Mj_Art,2000-Iran-Fonts-www.P30Day.com.rar (Mj.Mojtaba.Kia.ttf-png),"unknown (P30Day collection, terms not verified)",3b2113246f089dba62d96d38e9eac993041b6f59b40a2e9176f74ade359cb80a
Mj_Ashgar.ttf,Mj_Ashgar Regular,Mj_Ashgar,2000-Iran-Fonts-www.P30Day.com.rar (Mj.Mojtaba.Kia.ttf-png),"unknown (P30Day collection, terms not verified)",38439fe213e137a0e5b90d26aaec47244369d96a8c305033f03f31874785b549
Mj_Asifa_Bold.ttf,Mj_Asifa Bold Bold,Mj_Asifa,2000-Iran-Fonts-www.P30Day.com.rar (Mj.Mojtaba.Kia.ttf-png),"unknown (P30Day collection, terms not verified)",e28d6e3acbb9b7ed3111d04d29629ce96fb765e96920f447333417a6a1f1e96f
Mj_Badr_Point.ttf,Mj_Badr Point Regular,Mj_Badr Point,2000-Iran-Fonts-www.P30Day.com.rar (Mj.Mojtaba.Kia.ttf-png),"unknown (P30Day collection, terms not verified)",ff41c96f1763ebaad64488fb3e2e0a4edfb27cf218b64897ec8cb29679241126
Mj_Bamshad_Light.ttf,Mj_Bamshad Light Regular,Mj_Bamshad,2000-Iran-Fonts-www.P30Day.com.rar (Mj.Mojtaba.Kia.ttf-png),"unknown (P30Day collection, terms not verified)",2b758ddf0d340ad9c92b0c80ceeca3741f701db60da41567d1ef6af660207a7b
Mj_Bamshad.ttf,Mj_Bamshad Bold,Mj_Bamshad,2000-Iran-Fonts-www.P30Day.com.rar (Mj.Mojtaba.Kia.ttf-png),"unknown (P30Day collection, terms not verified)",8e871197930b5991f335b256d4005912eaa8692fd61ee11594f52d97a3830d35
Mj_Barik.ttf,Mj_Barik Regular,Mj_Barik,2000-Iran-Fonts-www.P30Day.com.rar (Mj.Mojtaba.Kia.ttf-png),"unknown (P30Day collection, terms not verified)",7e714af4934ee19e1fc325eb891bf3d3b44bc96b94009a2ef8ff14e1ccc96333
Mj_Baseet.ttf,Sultan Normal Regular (Mj_Baseet),Sultan,2000-Iran-Fonts-www.P30Day.com.rar (Mj.Mojtaba.Kia.ttf-png),"unknown (P30Day collection, terms not verified)",00baf85825a48ff3eb1c74ad3414bf90f5973ef4e3b42d13aeb937f531bf106f
Mj_Bassam.ttf,Mj_Bassam Regular,Mj_Bassam,2000-Iran-Fonts-www.P30Day.com.rar (Mj.Mojtaba.Kia.ttf-png),"unknown (P30Day collection, terms not verified)",028823f013bac2b57c913e888fc1565132130f173a0aa121aac9b959f6c21a4f
Mj_Beirut_Heading.ttf,Mj_Beirut Heading Regular,Mj_Beirut Heading,2000-Iran-Fonts-www.P30Day.com.rar (Mj.Mojtaba.Kia.ttf-png),"unknown (P30Day collection, terms not verified)",48b49db6dd49ce66a7c3bd4d5c1ac78e5c1594fdfad0e5d6be4b30eefee2caf7
Mj_Beirut_Light.ttf,Mj_Beirut Light Regular,Mj_Beirut,2000-Iran-Fonts-www.P30Day.com.rar (Mj.Mojtaba.Kia.ttf-png),"unknown (P30Day collection, terms not verified)",712f262d6e88765cdc95752093545b6908d98d7b032f89b323faa2e1c3b44609
Mj_Beirut_Lt_X3.ttf,Mj_Beirut Lt X3 Regular,Mj_Beirut Lt X3,2000-Iran-Fonts-www.P30Day.com.rar (Mj.Mojtaba.Kia.ttf-png),"unknown (P30Day collection, terms not verified)",6b4e41786d5fce95b00f552f2969d0e7ed4176f111ada8bdb9e9f384c4aa534a
Mj_Beirut_Md.ttf,Mj_Beirut Md Regular,Mj_Beirut Md,2000-Iran-Fonts-www.P30Day.com.rar (Mj.Mojtaba.Kia.ttf-png),"unknown (P30Day collection, terms not verified)",02552226613be0c6c66943d83fc6333a4b7e33eea6c9ceef63abdf7d6986f7d2
Mj_Beirut.ttf,Mj_Beirut Regular,Mj_Beirut,2000-Iran-Fonts-www.P30Day.com.rar (Mj.Mojtaba.Kia.ttf-png),"unknown (P30Day collection, terms not verified)",a8017e714f685d97dfa8fb7ebca9fd6744378682e3a1df25ce4b29888e7c2055
Mj_Bist.ttf,Mj_Bist Regular,Mj_Bist,2000-Iran-Fonts-www.P30Day.com.rar (Mj.Mojtaba.Kia.ttf-png),"unknown (P30Day collection, terms not verified)",1b3ef01fb316712887d6d2455f9a096e0d57e99ee869f6b8857913536c3c95a3
Mj_Bita_Bold.ttf,Mj_Bita Bold Bold,Mj_Bita,2000-Iran-Fonts-www.P30Day.com.rar (Mj.Mojtaba.Kia.ttf-png),"unknown (P30Day collection, terms not verified)",b363cb732cc4da444c4f116ffd71c4c85db4698429d5a873f5f9bbf1f77ef5dd
Mj_Bita.ttf,Mj_Bita Regular,Mj_Bita,2000-Iran-Fonts-www.P30Day.com.rar (Mj.Mojtaba.Kia.ttf-png),"unknown (P30Day collection, terms not verified)",10017d8de87db11c1599ad4fa72c40509c5f1738b0b68e5554e4b9c134af570d
Mj_Black.ttf,Mj_Black Bold,Mj,2000-Iran-Fonts-www.P30Day.com.rar (Mj.Mojtaba.Kia.ttf-png),"unknown (P30Day collection, terms not verified)",d63e2772954403084903006025f4da85cdb32a66c35b2e2ec03c2d6d628e3a5d
Mj_Bold.ttf,Mj_Bold Regular,Mj,2000-Iran-Fonts-www.P30Day.com.rar (Mj.Mojtaba.Kia.ttf-png),"unknown (P30Day collection, terms not verified)",60fdd121d9011bc25a0e61aab8c38381768064c89116b9e7dd58a932f4e6c262
Mj_Bomba.ttf,Mj_Bomba Regular,Mj_Bomba,2000-Iran-Fonts-www.P30Day.com.rar (Mj.Mojtaba.Kia.ttf-png),"unknown (P30Day collection, terms not verified)",2ac5a6534db3bc2b9592a140e27b41bb189e6461c3daa8730a39459b35a29e0e
Mj_Box_Negative.ttf,Mj_Box Negative Regular,Mj_Box Negative,2000-Iran-Fonts-www.P30Day.com.rar (Mj.Mojtaba.Kia.ttf-png),"unknown (P30Day collection, terms not verified)",9f207f567757d206cc902b0479197b5deecac3efaa24ab458cf6078e371fb6bf
Mj_Box_Outline.ttf,Mj_Box Outline Regular,Mj_Box Outline,2000-Iran-Fonts-www.P30Day.com.rar (Mj.Mojtaba.Kia.ttf-png),"unknown (P30Day collection, terms not verified)",4503004caac5a73739f71c07008fa80af53580b2700fc60240c0eae30e3332a9
Mj_Box_Shade.ttf,Mj_Box Shade Regular,Mj_Box Shade,2000-Iran-Fonts-www.P30Day.com.rar (Mj.Mojtaba.Kia.ttf-png),"unknown (P30Day collection, terms not verified)",677fbe8d1248688adc4f6461b92d6e880239171de2d4037d558d96d72a727724
Mj_Box.ttf,Mj_Box Regular,Mj_Box,2000-Iran-Fonts-www.P30Day.com.rar (Mj.Mojtaba.Kia.ttf-png),"unknown (P30Day collection, terms not verified)",330ab5a2830ca624ac4d853905eeb4d9c35ce9d72d201c6a42b48f58bba44e6c
Mj_Cairo.ttf,Mj_Cairo Regular,Mj_Cairo,2000-Iran-Fonts-www.P30Day.com.rar (Mj.Mojtaba.Kia.ttf-png),"unknown (P30Day collection, terms not verified)",514df8f7ce8c66fe14182f1126f8fc6e236fc74a6524925f51464971049cc15a
Mj_Calligraph.ttf,Mj_Calligraph Regular,Mj_Calligraph,2000-Iran-Fonts-www.P30Day.com.rar (Mj.Mojtaba.Kia.ttf-png),"unknown (P30Day collection, terms not verified)",9a5e933e52745e248ba74ede263f676f03b79dfd467fd4bf08e46c32f342caa2
Mj_Cap_Bold.ttf,Mj_Cap Bold Bold,Mj_Cap,2000-Iran-Fonts-www.P30Day.com.rar (Mj.Mojtaba.Kia.ttf-png),"unknown (P30Day collection, terms not verified)",1842de5bacf09ed65d1c195c6439724715fffeafce58b03d13fb8185488eba95
Mj_Cap_Light.ttf,Mj_Cap Light Regular,Mj_Cap,2000-Iran-Fonts-www.P30Day.com.rar (Mj.Mojtaba.Kia.ttf-png),"unknown (P30Day collection, terms not verified)",c73b269cba142e71ed3ed769efa4a6ed61cf6009eb077a21efc07066d98983df
Mj_Cap_Medium.ttf,Mj_Cap Medium Regular,Mj_Cap,2000-Iran-Fonts-www.P30Day.com.rar (Mj.Mojtaba.Kia.ttf-png),"unknown (P30Day collection, terms not verified)",6053856895ab4328a08997e0009b37ae746d4fe872e2af0f5d07a771a6df23f7
Mj_Casablanca_Heavy.ttf,Mj_Casablanca Heavy Regular,Mj_Casablanca,2000-Iran-Fonts-www.P30Day.com.rar (Mj.Mojtaba.Kia.ttf-png),"unknown (P30Day collection, terms not verified)",e01d29dab00106f6c53622bfa73659c0e0a7ddfb3257fae9a42861469cf7d8d0
Mj_Casablanca_Light.ttf,Mj_Casablanca Light Regular,Mj_Casablanca,2000-Iran-Fonts-www.P30Day.com.rar (Mj.Mojtaba.Kia.ttf-png),"unknown (P30Day collection, terms not verified)",243a8d505d9dd69f1f25f124395db83ea059f20021dd07a4b3dadfc2f46ccc4c
Mj_Casablanca.ttf,Mj_Casablanca Regular,Mj_Casablanca,2000-Iran-Fonts-www.P30Day.com.rar (Mj.Mojtaba.Kia.ttf-png),"unknown (P30Day collection, terms not verified)",a9f0b8b12ed831186bd46e84d5bc9ccde24a83e7eaca96be6109f42f4f414f44
Mj_Classic.ttf,Mj_Classic Bold,Mj_Classic,2000-Iran-Fonts-www.P30Day.com.rar (Mj.Mojtaba.Kia.ttf-png),"unknown (P30Day collection, terms not verified)",edb4e95474e763a89c059be1c23ddd4c9529ef1093e644ce4d821d1c34993a59
Mj_Contrast.ttf,Mj_Contrast Bold,Mj_Contrast,2000-Iran-Fonts-www.P30Day.com.rar (Mj.Mojtaba.Kia.ttf-png),"unknown (P30Day collection, terms not verified)",ef27ccc5bdc31b2918a3f41b691d2e3ce5501d4d84d0b01eae95f6fd163b3f6c
Mj_Cordoba_Outline.ttf,Mj_Cordoba Outline Regular,Mj_Cordoba Outline,2000-Iran-Fonts-www.P30Day.com.rar (Mj.Mojtaba.Kia.ttf-png),"unknown (P30Day collection, terms not verified)",2cb872818c0c5a23d103941b996c5e49a704357dd9c50253ee38ed7513384a23
Mj_Cordoba.ttf,Mj_Cordoba Regular,Mj_Cordoba,2000-Iran-Fonts-www.P30Day.com.rar (Mj.Mojtaba.Kia.ttf-png),"unknown (P30Day collection, terms not verified)",bcd96381faffc0e3140708496217f711f24bf8a71ddf4e8c6648d80372cd4d96
Mj_Curves_Outline.ttf,Mj_Curves Outline Regular,Mj_Curves Outline,2000-Iran-Fonts-www.P30Day.com.rar (Mj.Mojtaba.Kia.ttf-png),"unknown (P30Day collection, terms not verified)",9fef17691c97367fd460b51597355e99c4a6cf98047a0a524ef38b7f6dd0c114
Mj_Curves.ttf,Mj_Curves Regular,Mj_Curves,2000-Iran-Fonts-www.P30Day.com.rar (Mj.Mojtaba.Kia.ttf-png),"unknown (P30Day collection, terms not verified)",1ff5317cfa40cd0406a8363de7dceb28b10ca2396d3d9c210848eb74e2e21b7d
Mj_Dalal_St.ttf,Mj_Dalal St Regular,Mj_Dalal St,2000-Iran-Fonts-www.P30Day.com.rar (Mj.Mojtaba.Kia.ttf-png),"unknown (P30Day collection, terms not verified)",adf2dbcb28cbb517c34dc17cf670bead038997bcea36487fc858ba79f567c5a3
Mj_Dalal_Text.ttf,Mj_Dalal Text Regular,Mj_Dalal Text,2000-Iran-Fonts-www.P30Day.com.rar (Mj.Mojtaba.Kia.ttf-png),"unknown (P30Day collection, terms not verified)",761b858d2017fb22d0e6eae7270b3746ccce6ab58bf6b135df5dc86a7f768c34
Mj_Dalal.ttf,Mj_Dalal Regular,Mj_Dalal,2000-Iran-Fonts-www.P30Day.com.rar (Mj.Mojtaba.Kia.ttf-png),"unknown (P30Day collection, terms not verified)",24651a9a8b7e4bfebf1ac42644f07ac85af2d5b04939f9cc79c043442ded864d
Mj_Dalghak.ttf,Mj_Dalghak Regular,Mj_Dalghak,2000-Iran-Fonts-www.P30Day.com.rar (Mj.Mojtaba.Kia.ttf-png),"unknown (P30Day collection, terms not verified)",c6391cdc6e26dfe6665413b83edb76d33c58ecc6ee2456681394d7e19e73ccae
Mj_Damaa_Light.ttf,Mj_Damaa Light Regular,Mj_Damaa,2000-Iran-Fonts-www.P30Day.com.rar (Mj.Mojtaba.Kia.ttf-png),"unknown (P30Day collection, terms not verified)",a6f443225afd86c78972c562d52b3098495907ed16a4ee34f24ca0b0faa86ec1
Mj_Damas.ttf,Mj_Damas Regular,Mj_Damas,2000-Iran-Fonts-www.P30Day.com.rar (Mj.Mojtaba.Kia.ttf-png),"unknown (P30Day collection, terms not verified)",c31e62e25cdebedd276102918d2bc5b2ab5b614c0f568c61e081b67ff3323ff5
Mj_Decorative_Bold.ttf,Mj_Decorative Bold Bold,Mj_Decorative,2000-Iran-Fonts-www.P30Day.com.rar (Mj.Mojtaba.Kia.ttf-png),"unknown (P30Day collection, terms not verified)",7f179a01ce18f8b18b9b3540945d7912dcb20a376997aff4f21c401ad9cce447
Mj_Diala.ttf,Mj_Diala Regular,Mj_Diala,2000-Iran-Fonts-www.P30Day.com.rar (Mj.Mojtaba.Kia.ttf-png),"unknown (P30Day collection, terms not verified)",de3f77ebbef1c837cdc2b8a8b4312d6c17e2a1498809ca7eaee71dcd6ed9b5cd
Mj_Digital_Arabia_LT.ttf,Mj_Digital Arabia LT Regular,Mj_Digital Arabia LT,2000-Iran-Fonts-www.P30Day.com.rar (Mj.Mojtaba.Kia.ttf-png),"unknown (P30Day collection, terms not verified)",5711984caa2821ff6ffd836eac2ff997255304abf76d6d9cd42c02a6ba4d6739
Mj_Digital_Arabia_XL.ttf,Mj_Digital Arabia XL Bold,Mj_Digital Arabia XL,2000-Iran-Fonts-www.P30Day.com.rar (Mj.Mojtaba.Kia.ttf-png),"unknown (P30Day collection, terms not verified)",46a67b0b325a6a79b79a226e50eb1ebb71fb88bc814936c851f42cfccbdcce27
Mj_Digital_Arabia.ttf,Mj_Digital Arabia Bold,Mj_Digital Arabia,2000-Iran-Fonts-www.P30Day.com.rar (Mj.Mojtaba.Kia.ttf-png),"unknown (P30Day collection, terms not verified)",4cf0e9b29153c64c208a122d6b2da8397f88520b836127a13158db350782d250
Mj_Dimona.ttf,Mj_Dimona Regular,Mj_Dimona,2000-Iran-Fonts-www.P30Day.com.rar (Mj.Mojtaba.Kia.ttf-png),"unknown (P30Day collection, terms not verified)",64a3c20f97d47e4884555ccc23ddc71478ecbac67d879c54b93921133273342b
Mj_Dinar_One_Light.ttf,Mj_Dinar One Light Regular,Mj_Dinar One,2000-Iran-Fonts-www.P30Day.com.rar (Mj.Mojtaba.Kia.ttf-png),"unknown (P30Day collection, terms not verified)",2ffff43674d361399ef5848af48578d683ddf7215aea15f104d0d74c5157f44f
Mj_Dinar_One_Medium.ttf,Mj_Dinar One Medium Regular,Mj_Dinar One,2000-Iran-Fonts-www.P30Day.com.rar (Mj.Mojtaba.Kia.ttf-png),"unknown (P30Day collection, terms not verified)",039573de427f9b711a388fd0e1d6aa5b0f59418966733c5da5d3428715b00897
Mj_Dinar_Two_Light.ttf,Mj_Dinar Two Light Regular,Mj_Dinar Two,2000-Iran-Fonts-www.P30Day.com.rar (Mj.Mojtaba.Kia.ttf-png),"unknown (P30Day collection, terms not verified)",14eb067aa1934372ea2ad9610b6ddbcbd0119718f87d07ce472b7a988eb7574f
Mj_Dinar_Two_Medium.ttf,Mj_Dinar Two Medium Regular,Mj_Dinar Two,2000-Iran-Fonts-www.P30Day.com.rar (Mj.Mojtaba.Kia.ttf-png),"unknown (P30Day collection, terms not verified)",c112561242ec7d0d58ceb2ac31ba1bd6c3bd5415dc7d28058d93e0358162fe4a
Mj_Diwani_3D_Shadow.ttf,Mj_Diwani 3d Shadow Regular,Mj_Diwani 3d Shadow,2000-Iran-Fonts-www.P30Day.com.rar (Mj.Mojtaba.Kia.ttf-png),"unknown (P30Day collection, terms not verified)",cc4da3f1f9b7f2e05aea5f0d5a1d681f2468e2b72d823c4cd09dac0661046e2f
Mj_Diwani_Collage.ttf,Mj_Diwani Collage Regular,Mj_Diwani Collage,2000-Iran-Fonts-www.P30Day.com.rar (Mj.Mojtaba.Kia.ttf-png),"unknown (P30Day collection, terms not verified)",ee9c59fe474bddc0e3635642e395241486379d7cbcc7863d0e8f575f925be4d4
Mj_Diwani_Decor.ttf,Mj_Diwani Decor Regular,Mj_Diwani Decor,2000-Iran-Fonts-www.P30Day.com.rar (Mj.Mojtaba.Kia.ttf-png),"unknown (P30Day collection, terms not verified)",385962547c91280e5cc3927f435a525cc25d6be4610d9f1ee6abe1effe929377
Mj_Diwani_Normal.ttf,Mj_Diwani Normal Regular,Mj_Diwani,2000-Iran-Fonts-www.P30Day.com.rar (Mj.Mojtaba.Kia.ttf-png),"unknown (P30Day collection, terms not verified)",a41015f3389165e76190e557d238fb9cae5ab76ecb815ec89780de0474746943
Mj_Diwani_Outline.ttf,Mj_Diwani Outline Regular,Mj_Diwani Outline,2000-Iran-Fonts-www.P30Day.com.rar (Mj.Mojtaba.Kia.ttf-png),"unknown (P30Day collection, terms not verified)",9921a3dddc3cbaf3e18eaf0b9017923d3ba43da6d0baaf0e323f65be7b1a4f72
Mj_Domrol.ttf,Mj_Domrol Regular,Mj_Domrol,2000-Iran-Fonts-www.P30Day.com.rar (Mj.Mojtaba.Kia.ttf-png),"unknown (P30Day collection, terms not verified)",fe214088bec89efaa2972520e0267fbf4e3e7c9104f84c40d750e32f77026362
Mj_Donia.ttf,Mj_Donia Regular,Mj_Donia,2000-Iran-Fonts-www.P30Day.com.rar (Mj.Mojtaba.Kia.ttf-png),"unknown (P30Day collection, terms not verified)",ee9be02ad97f18675add48b583bc314e8a064d83c634b8051bce2bad5c2ac635
Mj_East_Extra_Bold.ttf,Mj_East Extra Bold Bold,Mj_East,2000-Iran-Fonts-www.P30Day.com.rar (Mj.Mojtaba.Kia.ttf-png),"unknown (P30Day collection, terms not verified)",a7d875b69c16dc056bc13aaa25280f92abbb27799c32443dfbe2674d851c86e8
Mj_East_Extra_Italic.ttf,Mj_East Extra Italic Bold,Mj_East Extra,2000-Iran-Fonts-www.P30Day.com.rar (Mj.Mojtaba.Kia.ttf-png),"unknown (P30Day collection, terms not verified)",e7c9560b8caa6c1988079d75001c6528d873579254b0c04280ef2a6303996d61
Mj_East_Extra_Light.ttf,Mj_East Extra Light Bold,Mj_East,2000-Iran-Fonts-www.P30Day.com.rar (Mj.Mojtaba.Kia.ttf-png),"unknown (P30Day collection, terms not verified)",58d33f9ae4eaba7a899005284dbe20e465a9666f2182e0da3367f95f2101fdb9
Mj_East_Extra_Mediom.ttf,Mj_East Extra Mediom Bold,Mj_East Extra Mediom,2000-Iran-Fonts-www.P30Day.com.rar (Mj.Mojtaba.Kia.ttf-png),"unknown (P30Day collection, terms not verified)",dc3d5fd44ff6121be8df8f43aa218afe48e91a9d292b3e06aa66859a1bd864f8
Mj_Ebrahim.ttf,Mj_Ebrahim Regular,Mj_Ebrahim,2000-Iran-Fonts-www.P30Day.com.rar (Mj.Mojtaba.Kia.ttf-png),"unknown (P30Day collection, terms not verified)",c5d8fa858f7ad2fe29d67387bb97c9dc244dbb9320914f0a6522011d5bb27480
Mj_Egypt.ttf,Mj_Egypt Regular,Mj_Egypt,2000-Iran-Fonts-www.P30Day.com.rar (Mj.Mojtaba.Kia.ttf-png),"unknown (P30Day collection, terms not verified)",7a0d34397506b2d7a136877085e52b6c999b2c68b07b2703bc7c552214d9c895
Mj_Ekhlass.ttf,Sultan Normal Regular (Mj_Ekhlass),Sultan,2000-Iran-Fonts-www.P30Day.com.rar (Mj.Mojtaba.Kia.ttf-png),"unknown (P30Day collection, terms not verified)",3400ac73c60770a35726ffc860d61e66437a9db4851c2cf0f882c3abef4d51d0
Mj_Elegant_Bold.ttf,Mj_Elegant Bold Bold,Mj_Elegant,2000-Iran-Fonts-www.P30Day.com.rar (Mj.Mojtaba.Kia.ttf-png),"unknown (P30Day collection, terms not verified)",2a07b827611684bd1f6256f34ae94157beaca1dc4f8f30328153ffe2c1e85c47
Mj_Elegant_Light.ttf,Mj_Elegant Light Bold,Mj_Elegant,2000-Iran-Fonts-www.P30Day.com.rar (Mj.Mojtaba.Kia.ttf-png),"unknown (P30Day collection, terms not verified)",1f1fb455b3d94ac85d9ebeb683a7cfd5191f79c593b03b2e64e57efe494b5da9
Mj_Elegant_Medium.ttf,Mj_Elegant Medium Bold,Mj_Elegant,2000-Iran-Fonts-www.P30Day.com.rar (Mj.Mojtaba.Kia.ttf-png),"unknown (P30Day collection, terms not verified)",97d3b22926aeb9c5ac16f2ef86f6534309f54eca4fcda0284d663292aa35214f
Mj_Elit.ttf,Mj_Elit Regular,Mj_Elit,2000-Iran-Fonts-www.P30Day.com.rar (Mj.Mojtaba.Kia.ttf-png),"unknown (P30Day collection, terms not verified)",4b73cda24a3078586f5273dbcf832bfdfa2e368d759099de9c5c11c3e63b1cd6
Mj_Extender_X-Slant.ttf,Mj_Extender X-Slant Bold,Mj_Extender X-Slant,2000-Iran-Fonts-www.P30Day.com.rar (Mj.Mojtaba.Kia.ttf-png),"unknown (P30Day collection, terms not verified)",4c672d9cef815021a9537ac0855ca681077139e7a7b371c16f49674af5367deb
Mj_Extender_X4_Deeper.ttf,Mj_Extender X4 Deeper Regular,Mj_Extender X4 Deeper,2000-Iran-Fonts-www.P30Day.com.rar (Mj.Mojtaba.Kia.ttf-png),"unknown (P30Day collection, terms not verified)",6d4efc390be68cdf1a8ce0ec1b48271c49d98e72da69026ef7c3976a62b46c32
Mj_Extender_X4_Super_Fit.ttf,Mj_Extender X4 Super Fit Regular,Mj_Extender X4 Super Fit,2000-Iran-Fonts-www.P30Day.com.rar (Mj.Mojtaba.Kia.ttf-png),"unknown (P30Day collection, terms not verified)",15d14695064b7066381957da00f15ab7d83c1d7a6e88f7807504bf9163a77986
Mj_Extender_X4.ttf,Mj_Extender X4 Bold,Mj_Extender X4,2000-Iran-Fonts-www.P30Day.com.rar (Mj.Mojtaba.Kia.ttf-png),"unknown (P30Day collection, terms not verified)",b6e60b1fecd093a7ed9d5e8921230585169594a95fd2c63653b30029a1007e8c
Mj_Extender.ttf,Sultan Normal Regular (Mj_Extender),Sultan,2000-Iran-Fonts-www.P30Day.com.rar (Mj.Mojtaba.Kia.ttf-png),"unknown (P30Day collection, terms not verified)",eab496bc1882e40a85a79a915c9f4c11d0e9980c4593d73a7c6049e70cbabc64
Mj_Fantezy_Cut.ttf,Mj_Fantezy Cut Regular,Mj_Fantezy Cut,2000-Iran-Fonts-www.P30Day.com.rar (Mj.Mojtaba.Kia.ttf-png),"unknown (P30Day collection, terms not verified)",138bb506245c24e8b326094846db5ae7aa3e3a8429162571a09ffb5dac38b672
Mj_Fantezy_Flage.ttf,Mj_Fantezy Flage Regular,Mj_Fantezy Flage,2000-Iran-Fonts-www.P30Day.com.rar (Mj.Mojtaba.Kia.ttf-png),"unknown (P30Day collection, terms not verified)",30747c28b27cd6cf1b98158207f58ce33183965dba779261f290d595b37bd0ef
Mj_Fantezy_Wave.ttf,Mj_Fantezy Wave Regular,Mj_Fantezy Wave,2000-Iran-Fonts-www.P30Day.com.rar (Mj.Mojtaba.Kia.ttf-png),"unknown (P30Day collection, terms not verified)",bc28e90f08c7fca9d0625a9467c344094c24aae00aeac398a526b6cc5e959913
Mj_Fantezy.ttf,Mj_Fantezy Regular,Mj_Fantezy,2000-Iran-Fonts-www.P30Day.com.rar (Mj.Mojtaba.Kia.ttf-png),"unknown (P30Day collection, terms not verified)",4d20d7829d7b6130b112a09b4833b5cc40aca8af1cc26f529806aa1a02ac2b48
Mj_Farah_Italic.ttf,Mj_Farah Italic Bold Italic,Mj_Farah,2000-Iran-Fonts-www.P30Day.com.rar (Mj.Mojtaba.Kia.ttf-png),"unknown (P30Day collection, terms not verified)",559a29bbaf132a73c0426c3540ff8fabec641d77aa8adc0f15124b828d16b18d
Mj_Farah_Light.ttf,Mj_Farah Light Regular,Mj_Farah,2000-Iran-Fonts-www.P30Day.com.rar (Mj.Mojtaba.Kia.ttf-png),"unknown (P30Day collection, terms not verified)",dcb9816cfc66a2338d53f04996d6b6635f9c76ddf940a5aa5e74dcbd3dbb4a9a
Mj_Farah_Medium.ttf,Mj_Farah Medium Bold,Mj_Farah,2000-Iran-Fonts-www.P30Day.com.rar (Mj.Mojtaba.Kia.ttf-png),"unknown (P30Day collection, terms not verified)",067fb07fcbbb71371f1afe5656b05b25d97dd3ea67578df9ddec931f8ace5f88
Mj_Farah_Outline.ttf,Mj_Farah Outline Bold,Mj_Farah Outline,2000-Iran-Fonts-www.P30Day.com.rar (Mj.Mojtaba.Kia.ttf-png),"unknown (P30Day collection, terms not verified)",392d8f18cf42cb6b69c7bf700ddfb3e034c067b6a838f493204742a54891d78a
Mj_Farah.ttf,Mj_Farah Bold,Mj_Farah,2000-Iran-Fonts-www.P30Day.com.rar (Mj.Mojtaba.Kia.ttf-png),"unknown (P30Day collection, terms not verified)",eb1530736ae5ff023bf413bee12532635d335c3ab6568f13f5e634d43fe0af8f
Mj_Faraj.ttf,Sultan Normal Regular (Mj_Faraj),Sultan,2000-Iran-Fonts-www.P30Day.com.rar (Mj.Mojtaba.Kia.ttf-png),"unknown (P30Day collection, terms not verified)",ea70a8500ef9ea819719fc5d38d07676ead460f6d51fa6ba6bd619d0492b8699
Mj_Farasha_Bold.ttf,Mj_Farasha Bold Bold,Mj_Farasha,2000-Iran-Fonts-www.P30Day.com.rar (Mj.Mojtaba.Kia.ttf-png),"unknown (P30Day collection, terms not verified)",c3f46238c74ed0f0fa087106301a30f1acb2dad1d01c9e61fdbc8b9e1aba0f41
Mj_Farasha_Light.ttf,Mj_Farasha Light Regular,Mj_Farasha,2000-Iran-Fonts-www.P30Day.com.rar (Mj.Mojtaba.Kia.ttf-png),"unknown (P30Day collection, terms not verified)",b5ff3b3b7a246dae711220e30964042014f23a6b1a8b8e3a9d99f34c0f243b32
Mj_Farasha_Mediom.ttf,Mj_Farasha Mediom Regular,Mj_Farasha Mediom,2000-Iran-Fonts-www.P30Day.com.rar (Mj.Mojtaba.Kia.ttf-png),"unknown (P30Day collection, terms not verified)",66a190d967246b496b8fdec4cb20c5d3970798797571cf353dc1dcdb899898a2
Mj_Faraz_Outline.ttf,Mj_Faraz Outline Regular,Mj_Faraz Outline,2000-Iran-Fonts-www.P30Day.com.rar (Mj.Mojtaba.Kia.ttf-png),"unknown (P30Day collection, terms not verified)",4dfec6e6b2c37e17b98079412654c306aa30cd90ea2fbf53d13c83ff5dc9653b
Mj_Faraz.ttf,Mj_Faraz Regular,Mj_Faraz,2000-Iran-Fonts-www.P30Day.com.rar (Mj.Mojtaba.Kia.ttf-png),"unknown (P30Day collection, terms not verified)",cc285de4d52685ebc468ba6c233437595b42d15b4bf30ab9ab2468ff060c146e
Mj_Fares_Bold.ttf,Mj_Fares Bold Bold,Mj_Fares,2000-Iran-Fonts-www.P30Day.com.rar (Mj.Mojtaba.Kia.ttf-png),"unknown (P30Day collection, terms not verified)",00cdd30d43bdaee1c9c554baec54ecbfdaf82f36aff637ad5adaa52a0d4e7483
Mj_Fares_Light.ttf,Mj_Fares Light Regular,Mj_Fares,2000-Iran-Fonts-www.P30Day.com.rar (Mj.Mojtaba.Kia.ttf-png),"unknown (P30Day collection, terms not verified)",2c895c5fe567af312d947a4bf177ac5d4ad89280bba9bc80881cf65bf77bd82c
Mj_Fares_Medium.ttf,Mj_Fares Medium Bold,Mj_Fares,2000-Iran-Fonts-www.P30Day.com.rar (Mj.Mojtaba.Kia.ttf-png),"unknown (P30Day collection, terms not verified)",e04984044498060b73387305112a227b407b008301379ba852072b41fd62c703
Mj_Farsi_Simple_Normal.ttf,Mj_Farsi Simple Normal Regular,Mj_Farsi Simple,2000-Iran-Fonts-www.P30Day.com.rar (Mj.Mojtaba.Kia.ttf-png),"unknown (P30Day collection, terms not verified)",861d2a33a74f6ace53b6eae29ef2b44c4e1cd0fc4ab4b442c7bdb02e5116bebe
Mj_Farsi_Simple_Outline.ttf,Mj_Farsi Simple Outline Regular,Mj_Farsi Simple Outline,2000-Iran-Fonts-www.P30Day.com.rar (Mj.Mojtaba.Kia.ttf-png),"unknown (P30Day collection, terms not verified)",bcfdc26fb3b2959c0c6aaa269392e5694cd21d261baeca7b7e3c6d303952900a
Mj_Faten.ttf,Mj_Faten Regular,Mj_Faten,2000-Iran-Fonts-www.P30Day.com.rar (Mj.Mojtaba.Kia.ttf-png),"unknown (P30Day collection, terms not verified)",37ad11dbb8fa5bfde67c13b9989298ec1ab6f25429117360610261a45f01f3ff
Mj_Fikrah_Light.ttf,Mj_Fikrah Light Regular,Mj_Fikrah,2000-Iran-Fonts-www.P30Day.com.rar (Mj.Mojtaba.Kia.ttf-png),"unknown (P30Day collection, terms not verified)",1d857f06ecd1b283c312730b82f50f9a92f2a87e48c8124e3ae74f7258e430bb
Mj_Flow_Bold.ttf,Mj_Flow Bold Bold,Mj_Flow,2000-Iran-Fonts-www.P30Day.com.rar (Mj.Mojtaba.Kia.ttf-png),"unknown (P30Day collection, terms not verified)",840433ba198eceb74d017cc2cc07fe686b445b16792327727a6b85b78cb15d38
Mj_Flow_Regular.ttf,Mj_Flow Regular,Mj_Flow,2000-Iran-Fonts-www.P30Day.com.rar (Mj.Mojtaba.Kia.ttf-png),"unknown (P30Day collection, terms not verified)",1a77bc17ef385af7cf5482ab1ab9e26baf95646cee984b885e1ba6d5013bdd55
Mj_Fonoon.ttf,Mj_Fonoon Regular,Mj_Fonoon,2000-Iran-Fonts-www.P30Day.com.rar (Mj.Mojtaba.Kia.ttf-png),"unknown (P30Day collection, terms not verified)",7e48ad211555218103b18b7a4dda07090baa810e20ec9f83aadd92d25ce97f78
Mj_Fossil.ttf,Mj_Fossil Regular,Mj_Fossil,2000-Iran-Fonts-www.P30Day.com.rar (Mj.Mojtaba.Kia.ttf-png),"unknown (P30Day collection, terms not verified)",4fb912572ca735b8848e5f677c1b696270d7321bd82de01d969781988c8a7a73
Mj_Free.ttf,Mj_Free Regular,Mj_Free,2000-Iran-Fonts-www.P30Day.com.rar (Mj.Mojtaba.Kia.ttf-png),"unknown (P30Day collection, terms not verified)",6c7d2749c4b2a167335f8cf6939b98e5686b43a70ce621e4536e7c192a6ddae5
Mj_Freehand.ttf,Mj_Freehand Bold,Mj_Freehand,2000-Iran-Fonts-www.P30Day.com.rar (Mj.Mojtaba.Kia.ttf-png),"unknown (P30Day collection, terms not verified)",d7186a07027320c79404ec70ee2b11b4882dfe0bdbe7536aabbae8676411bb42
Mj_Furat.ttf,Mj_Furat Regular,Mj_Furat,2000-Iran-Fonts-www.P30Day.com.rar (Mj.Mojtaba.Kia.ttf-png),"unknown (P30Day collection, terms not verified)",5ac9c434c31ab9395af58bf0c0bb26580ebec6450d257c73f810e47d9d7e9d3a
Mj_Future.ttf,Mj_Future Regular,Mj_Future,2000-Iran-Fonts-www.P30Day.com.rar (Mj.Mojtaba.Kia.ttf-png),"unknown (P30Day collection, terms not verified)",24ae954c35dc9cdfcb2d06449876dd70d972cd131c1f4e16c056cdba2ebca365
Mj_Ghafeleh.ttf,Mj_Ghafeleh Regular,Mj_Ghafeleh,2000-Iran-Fonts-www.P30Day.com.rar (Mj.Mojtaba.Kia.ttf-png),"unknown (P30Day collection, terms not verified)",6db3fa7fd0b19c6e482f484afd26817de6a72ca8dc4dcad8b86eca8a4437cb85
Mj_Ghalam-1.ttf,Mj_Ghalam-1 Regular,Mj_Ghalam-1,2000-Iran-Fonts-www.P30Day.com.rar (Mj.Mojtaba.Kia.ttf-png),"unknown (P30Day collection, terms not verified)",88315cb406c896ff53797c76fbfcabe7ecdbe6abea93e199c35f85f190aa980d
Mj_Ghalam-2.ttf,Mj_Ghalam-2 Regular,Mj_Ghalam-2,2000-Iran-Fonts-www.P30Day.com.rar (Mj.Mojtaba.Kia.ttf-png),"unknown (P30Day collection, terms not verified)",d5dfa671343d3281bbba8dcb0b7a258d7ef11ed5865b1482fb7d57947e1c79bf
Mj_Ghods.ttf,Mj_Ghods Regular,Mj_Ghods,2000-Iran-Fonts-www.P30Day.com.rar (Mj.Mojtaba.Kia.ttf-png),"unknown (P30Day collection, terms not verified)",94d4053789d2184358d0e66ca2805c1b3e6e2de43fe211632963e19fcbbf5011
Mj_Ghriba.ttf,Mj_Ghriba Regular,Mj_Ghriba,2000-Iran-Fonts-www.P30Day.com.rar (Mj.Mojtaba.Kia.ttf-png),"unknown (P30Day collection, terms not verified)",d1411b6efc52700e464cedc8546f8458c9af0c1bb5a8109fd0ae5218de6aa4cb
Mj_Granada_Outline.ttf,Mj_Granada Outline Regular,Mj_Granada Outline,2000-Iran-Fonts-www.P30Day.com.rar (Mj.Mojtaba.Kia.ttf-png),"unknown (P30Day collection, terms not verified)",1f6586bee4a3adde87f7a4b5a54010d52aa2f7354d5cb81c37b9a856a98d369b
Mj_Granada_Shade.ttf,Mj_Granada Shade Regular,Mj_Granada Shade,2000-Iran-Fonts-www.P30Day.com.rar (Mj.Mojtaba.Kia.ttf-png),"unknown (P30Day collection, terms not verified)",b62872fb61fe1155bf268cbbf17fbf158422c734bb95d877e5b05e655af2392f
Mj_Granada.ttf,Mj_Granada Regular,Mj_Granada,2000-Iran-Fonts-www.P30Day.com.rar (Mj.Mojtaba.Kia.ttf-png),"unknown (P30Day collection, terms not verified)",d66b475e764663ec69a163bed5343e8cf9ce0ad7dc94144fd43d6b1d6a1169d2
Mj_Graphic.ttf,Mj_Graphic Bold,Mj_Graphic,2000-Iran-Fonts-www.P30Day.com.rar (Mj.Mojtaba.Kia.ttf-png),"unknown (P30Day collection, terms not verified)",8279b8a1f2ef80ef5cccec7121837b9ec2c6c59abbfc8f79ff9ecb662babf61f
Mj_Hajar.ttf,Mj_Hajar Regular,Mj_Hajar,2000-Iran-Fonts-www.P30Day.com.rar (Mj.Mojtaba.Kia.ttf-png),"unknown (P30Day collection, terms not verified)",168ab10bb006f19ac6720cf485eeb323724a743eb8a4b8c48fe51b89ad2aa220
Mj_Hammed.ttf,Sultan Underline Regular (Mj_Hammed),Sultan Underline,2000-Iran-Fonts-www.P30Day.com.rar (Mj.Mojtaba.Kia.ttf-png),"unknown (P30Day collection, terms not verified)",4da6960b23481532c5b4d2158ba39a0868492967a092e44899f80ec2342ed25a
Mj_Hasoneh.ttf,Mj_Hasoneh Regular,Mj_Hasoneh,2000-Iran-Fonts-www.P30Day.com.rar (Mj.Mojtaba.Kia.ttf-png),"unknown (P30Day collection, terms not verified)",ebeca256c8c092b3e3d571c277bd05efcbf18eb9ca2ee99333deb8ed474f6556
Mj_Heritage_One_Bold.ttf,Mj_Heritage One Bold Bold,Mj_Heritage One,2000-Iran-Fonts-www.P30Day.com.rar (Mj.Mojtaba.Kia.ttf-png),"unknown (P30Day collection, terms not verified)",f17489c0948e083a98addb4629691efe967dd959f344fdad04274b69622262e9
Mj_Heritage_Two_Bold.ttf,Mj_Heritage Two Bold Bold,Mj_Heritage Two,2000-Iran-Fonts-www.P30Day.com.rar (Mj.Mojtaba.Kia.ttf-png),"unknown (P30Day collection, terms not verified)",9e89637b5992c7d4e16f6d9e8380834999f501c0b50526f382df4f0d07a74c2d
Mj_Hesham_Kufi.ttf,Mj_Hesham Kufi Regular,Mj_Hesham Kufi,2000-Iran-Fonts-www.P30Day.com.rar (Mj.Mojtaba.Kia.ttf-png),"unknown (P30Day collection, terms not verified)",b4a870477989792f8d526e2181d9d1a599828946f16d740ccca51c128e7f6906
Mj_Hili_Book.ttf,Mj_Hili Book Regular,Mj_Hili,2000-Iran-Fonts-www.P30Day.com.rar (Mj.Mojtaba.Kia.ttf-png),"unknown (P30Day collection, terms not verified)",0f4ad07fb63cfeb86b355f63be88f1b756c70f7c6c0abbcc265b7c1da06d0606
Mj_Hili_Light.ttf,Mj_Hili Light Regular,Mj_Hili,2000-Iran-Fonts-www.P30Day.com.rar (Mj.Mojtaba.Kia.ttf-png),"unknown (P30Day collection, terms not verified)",a4420b7fa9c635befb9f54212f3810cea0a6c42c61f47b3bc2afa05c15fd2703
Mj_Holool_3D_Shadow.ttf,Mj_Holool 3D Shadow Regular,Mj_Holool 3D Shadow,2000-Iran-Fonts-www.P30Day.com.rar (Mj.Mojtaba.Kia.ttf-png),"unknown (P30Day collection, terms not verified)",6bd66c942450e929aee7c28aa5d9c9b1973e6921beac956809c5b2c33f8c15f8
Mj_Holool_Bold.ttf,Mj_Holool Bold,Mj_Holool,2000-Iran-Fonts-www.P30Day.com.rar (Mj.Mojtaba.Kia.ttf-png),"unknown (P30Day collection, terms not verified)",eb449fbaf6ef7141a327fe8f393d67ae24ab480322d9544ae6be449270bfbf4f
Mj_Holool_Light.ttf,Mj_Holool Light Regular,Mj_Holool,2000-Iran-Fonts-www.P30Day.com.rar (Mj.Mojtaba.Kia.ttf-png),"unknown (P30Day collection, terms not verified)",3b53c51abe90953d3c961125b88562d3ee8b153e0a0ab422f57c06fdfc0fab4a
Mj_Holool_Mosaic.ttf,Mj_Holool Mosaic Bold,Mj_Holool Mosaic,2000-Iran-Fonts-www.P30Day.com.rar (Mj.Mojtaba.Kia.ttf-png),"unknown (P30Day collection, terms not verified)",64e960e572f3d9128b8007eeff89c27931bd53dae2076806d427bb611dcbd300
Mj_Hoor.ttf,Mj_Hoor Regular,Mj_Hoor,2000-Iran-Fonts-www.P30Day.com.rar (Mj.Mojtaba.Kia.ttf-png),"unknown (P30Day collection, terms not verified)",a62dbabd46c6183c2858cf70cbc6f4f6d43923bb20da459f50a683071b68dd1a
Mj_Ichbilia.ttf,Mj_ichbilia not included.,Mj_ichbilia,2000-Iran-Fonts-www.P30Day.com.rar (Mj.Mojtaba.Kia.ttf-png),"unknown (P30Day collection, terms not verified)",9376ee45b6e648e300cd12b30e763b2e4ac170a90aa797ab5fb40c32600da900
Mj_Jaleh.ttf,Mj_Jaleh Regular,Mj_Jaleh,2000-Iran-Fonts-www.P30Day.com.rar (Mj.Mojtaba.Kia.ttf-png),"unknown (P30Day collection, terms not verified)",eab4b84fbbc248eed20885d7cf1a4aec95e8217f52140b7cfb00b6fd6654256b
Mj_Jamshid.ttf,Mj_Jamshid Bold,Mj_Jamshid,2000-Iran-Fonts-www.P30Day.com.rar (Mj.Mojtaba.Kia.ttf-png),"unknown (P30Day collection, terms not verified)",0eefec0835bd059ff8465802560799e2b7079f18f1db6fbf6f1198f283049033
Mj_Jarida.ttf,Mj_Jarida Bold,Mj_Jarida,2000-Iran-Fonts-www.P30Day.com.rar (Mj.Mojtaba.Kia.ttf-png),"unknown (P30Day collection, terms not verified)",77ec5f6b0ead4bbea88c8e4ccb5b0581e3351fbd31fce1b9ddefd4cf454fdb33
Mj_Jordan.ttf,Mj_Jordan Regular,Mj_Jordan,2000-Iran-Fonts-www.P30Day.com.rar (Mj.Mojtaba.Kia.ttf-png),"unknown (P30Day collection, terms not verified)",b9b4bac1260b26e00aec65903c3be34a01becb3c0381b1aea98329ee7d6d111f
Mj_Joude.ttf,Mj_Joude Regular,Mj_Joude,2000-Iran-Fonts-www.P30Day.com.rar (Mj.Mojtaba.Kia.ttf-png),"unknown (P30Day collection, terms not verified)",206903c13d907baada48ead5cdfa15b31d21f24ac5a5211d7620ea7b349c841c
Mj_Kaman.ttf,Mj_Kaman Regular,Mj_Kaman,2000-Iran-Fonts-www.P30Day.com.rar (Mj.Mojtaba.Kia.ttf-png),"unknown (P30Day collection, terms not verified)",27ab0dd8e754d25292f1a06208f5aa6f6718ffc78d0d6f1c8b37e74617171034
Mj_Karwad.ttf,Sultan Normal Regular (Mj_Karwad),Sultan,2000-Iran-Fonts-www.P30Day.com.rar (Mj.Mojtaba.Kia.ttf-png),"unknown (P30Day collection, terms not verified)",38494e4700ff3f724e0d53642ae1fddc61d043f1faba1041cb54cfe58ec9b443
Mj_Kayrawan.ttf,Mj_Kayrawan Regular,Mj_Kayrawan,2000-Iran-Fonts-www.P30Day.com.rar (Mj.Mojtaba.Kia.ttf-png),"unknown (P30Day collection, terms not verified)",683e814efba84c4bcca5a52919b81d4ae362c50687e0c05f3997c5332bbcc98d
Mj_Khateeb.ttf,Mj_Khateeb Regular,Mj_Khateeb,2000-Iran-Fonts-www.P30Day.com.rar (Mj.Mojtaba.Kia.ttf-png),"unknown (P30Day collection, terms not verified)",49fdb6a5765ede4fffb74105d480a69485930b1363963b3819fa1fac7e75c924
Mj_Kids_Particles.ttf,Mj_Kids Particles Regular,Mj_Kids Particles,2000-Iran-Fonts-www.P30Day.com.rar (Mj.Mojtaba.Kia.ttf-png),"unknown (P30Day collection, terms not verified)",8491909e422abc84f59deb302bb6e9960d5ab73f43e578741c3c21f815d03faa
Mj_Kids.ttf,Mj_Kids Regular,Mj_Kids,2000-Iran-Fonts-www.P30Day.com.rar (Mj.Mojtaba.Kia.ttf-png),"unknown (P30Day collection, terms not verified)",dfa9af249985e4a5ce0499160e33b9549879a7c50954a37f35e50f8f05563b96
Mj_King_1.ttf,Mj_King 1 Regular,Mj_King 1,2000-Iran-Fonts-www.P30Day.com.rar (Mj.Mojtaba.Kia.ttf-png),"unknown (P30Day collection, terms not verified)",0d194a34c871208dcb0eecc1977e2a9daf0477df724f4729fe01e9cbf811a5d7
Mj_King_2.ttf,Mj_King 2 Regular,Mj_King 2,2000-Iran-Fonts-www.P30Day.com.rar (Mj.Mojtaba.Kia.ttf-png),"unknown (P30Day collection, terms not verified)",9fd3d92c13a4e3e315dfe3869d5cd99ae556d1b3900bfb0476cbaa40b5c4626c
Mj_Kofi_Ahram.ttf,Mj_Kofi_Ahram Bold,Mj_Kofi_Ahram,2000-Iran-Fonts-www.P30Day.com.rar (Mj.Mojtaba.Kia.ttf-png),"unknown (P30Day collection, terms not verified)",4205b09ed3c273356818103e6748dc7fbd24224eda53eaf5f971cfd827d2c1b2
Mj_Kofi_Modern.ttf,Mj_Kofi_Modern Regular,Mj_Kofi_Modern,2000-Iran-Fonts-www.P30Day.com.rar (Mj.Mojtaba.Kia.ttf-png),"unknown (P30Day collection, terms not verified)",567a4f4c337b15897f4ea8604f7c380440a2ed8584dcc21105d41652c2c2c51f
Mj_Koufiya.ttf,Mj_Koufiya Regular,Mj_Koufiya,2000-Iran-Fonts-www.P30Day.com.rar (Mj.Mojtaba.Kia.ttf-png),"unknown (P30Day collection, terms not verified)",c7641c0dccfb2e402e66c7f76191cc0b2d1c3018360727ab0e4550f3ee3229a8
Mj_Lab_Outline.ttf,Mj_Lab Outline Bold,Mj_Lab Outline,2000-Iran-Fonts-www.P30Day.com.rar (Mj.Mojtaba.Kia.ttf-png),"unknown (P30Day collection, terms not verified)",1aab742cbc37dd84217b170056ba99e433ff755986766f562bd814faacb8f662
Mj_Lab.ttf,Mj_Lab Regular,Mj_Lab,2000-Iran-Fonts-www.P30Day.com.rar (Mj.Mojtaba.Kia.ttf-png),"unknown (P30Day collection, terms not verified)",691580d46f30a557a161b427ad0e35ab118c31490eba43d63ed7cedcc503fef6
Mj_Lady_Medium.ttf,Mj_Lady Medium Regular,Mj_Lady,2000-Iran-Fonts-www.P30Day.com.rar (Mj.Mojtaba.Kia.ttf-png),"unknown (P30Day collection, terms not verified)",9d1260d6acc246451a7db32f7805ece533d0cf00eed0d4ccbc387c9cc382b89e
Mj_Large.ttf,Mj_Large Regular,Mj_Large,2000-Iran-Fonts-www.P30Day.com.rar (Mj.Mojtaba.Kia.ttf-png),"unknown (P30Day collection, terms not verified)",5a49fe4f7b2b270d9efd7cb7684a42afc12b09ea198b81fb8b4743ae6f6d8a51
Mj_Lebanon.ttf,Mj_Lebanon Regular,Mj_Lebanon,2000-Iran-Fonts-www.P30Day.com.rar (Mj.Mojtaba.Kia.ttf-png),"unknown (P30Day collection, terms not verified)",8880e5798979dd84e9b0f47ecf4b5709eed1a4c6b7babf1009ca2b732babd695
Mj_Liner_Print-out_Light.ttf,Mj_Liner Print-out Light Regular,Mj_Liner Print-out,2000-Iran-Fonts-www.P30Day.com.rar (Mj.Mojtaba.Kia.ttf-png),"unknown (P30Day collection, terms not verified)",f32a2d66c8e9e3ac551a8ae6b95bc2dff47e110b17a1ceb78bbb703ac6e19288
Mj_Liner_Print-out.ttf,Mj_Liner Print-out Regular,Mj_Liner Print-out,2000-Iran-Fonts-www.P30Day.com.rar (Mj.Mojtaba.Kia.ttf-png),"unknown (P30Day collection, terms not verified)",012099c01d0085e48b252e190db5951b4698d6ac8a693efc45751276b114b273
Mj_Liner_Screen_Bd.ttf,Mj_Liner Screen Bd Regular,Mj_Liner Screen Bd,2000-Iran-Fonts-www.P30Day.com.rar (Mj.Mojtaba.Kia.ttf-png),"unknown (P30Day collection, terms not verified)",46153e32ecdaa57a09f0982b50c3fd3d7ff6d083eaa11e8c77ec45f9391c25e0
Mj_Liner_Screen.ttf,Mj_Liner Screen Regular,Mj_Liner Screen,2000-Iran-Fonts-www.P30Day.com.rar (Mj.Mojtaba.Kia.ttf-png),"unknown (P30Day collection, terms not verified)",7f6c39f111c4e7fd1cf42132d18e69f06242a5b2c0e03fa78e02226f9812aa55
Mj_Liner_XL.ttf,Mj_Liner XL Bold,Mj_Liner XL,2000-Iran-Fonts-www.P30Day.com.rar (Mj.Mojtaba.Kia.ttf-png),"unknown (P30Day collection, terms not verified)",579539cf4a4835fe474a0438e12ccbc86841083a0a2c46ed8c741b54bbe25b0f
Mj_Liner_XXL.ttf,Mj_Liner XXL Bold,Mj_Liner XXL,2000-Iran-Fonts-www.P30Day.com.rar (Mj.Mojtaba.Kia.ttf-png),"unknown (P30Day collection, terms not verified)",565df8783546d457f1be57b23590ac44038d35ea048760c24131d7284831bbee
Mj_Lithium.ttf,Sultan Underline Bold (Mj_Lithium),Sultan Underline,2000-Iran-Fonts-www.P30Day.com.rar (Mj.Mojtaba.Kia.ttf-png),"unknown (P30Day collection, terms not verified)",d8061b4bfaab23f10a1d4d87f661dbf05fe4e895eec4aa766b4f9a092d134661
Mj_Mahla.ttf,Mj_Mahla Bold,Mj_Mahla,2000-Iran-Fonts-www.P30Day.com.rar (Mj.Mojtaba.Kia.ttf-png),"unknown (P30Day collection, terms not verified)",f3e1db0e47902d448f4bc5acece76b726aac567950fa933f9984af966cacac77
Mj_Mahsoon.ttf,Mj_Mahsoon Regular,Mj_Mahsoon,2000-Iran-Fonts-www.P30Day.com.rar (Mj.Mojtaba.Kia.ttf-png),"unknown (P30Day collection, terms not verified)",d5f4f6edcd2a9721b2d51741b1f1a18a39a62233ab8b7e1048a8efa9a785f031
Mj_Majd.ttf,Mj_Majd Bold,Mj_Majd,2000-Iran-Fonts-www.P30Day.com.rar (Mj.Mojtaba.Kia.ttf-png),"unknown (P30Day collection, terms not verified)",4fed8513b7bf7f83e175b05ed50fadbfec87cbecdb5842d883a310ea7227679d
Mj_Majed.ttf,Mj_Majed Regular,Mj_Majed,2000-Iran-Fonts-www.P30Day.com.rar (Mj.Mojtaba.Kia.ttf-png),"unknown (P30Day collection, terms not verified)",5184b8ddb7b8d98608ce0d0159d8f218ad20316be4cb4a89523d39854ee88a92
Mj_Mandana.ttf,Mj_Mandana Regular,Mj_Mandana,2000-Iran-Fonts-www.P30Day.com.rar (Mj.Mojtaba.Kia.ttf-png),"unknown (P30Day collection, terms not verified)",c88dfe53ca01407fee890463d654ba03e7e77c41a980c32bdab85fb0fb0c8dfd
Mj_Mani.ttf,Mj_Mani Regular,Mj_Mani,2000-Iran-Fonts-www.P30Day.com.rar (Mj.Mojtaba.Kia.ttf-png),"unknown (P30Day collection, terms not verified)",2e906e9075f28672b2a1f774739f0212fa1088c84ea126aae5faa8fe886be749
Mj_Marpich.ttf,Mj_Marpich Regular,Mj_Marpich,2000-Iran-Fonts-www.P30Day.com.rar (Mj.Mojtaba.Kia.ttf-png),"unknown (P30Day collection, terms not verified)",57c7cc346b7ad0a71930245216f4443daa982ba214cd64c9c55dd249e65e4aa6
Mj_Mashtour.ttf,Mj_Mashtour Regular,Mj_Mashtour,2000-Iran-Fonts-www.P30Day.com.rar (Mj.Mojtaba.Kia.ttf-png),"unknown (P30Day collection, terms not verified)",8d2ae7a9fbd0e70520efdb425f28d689ed05b4fa821aa05baaa589891d539da2
Mj_Matin.ttf,Mj_Matin Regular,Mj_Matin,2000-Iran-Fonts-www.P30Day.com.rar (Mj.Mojtaba.Kia.ttf-png),"unknown (P30Day collection, terms not verified)",b11ccb4e5691b679caba185063b707f542d8a3fb0d0e723793f3c69b82c80e73
Mj_Mavaheb.ttf,Mj_Mavaheb Regular,Mj_Mavaheb,2000-Iran-Fonts-www.P30Day.com.rar (Mj.Mojtaba.Kia.ttf-png),"unknown (P30Day collection, terms not verified)",132f63d47d0c51cbb250e961b4b0af6d0382ee7b5b62d5569db093308925b58f
Mj_Maveddat_Black.ttf,Sultan Normal Regular (Mj_Maveddat_Black),Sultan,2000-Iran-Fonts-www.P30Day.com.rar (Mj.Mojtaba.Kia.ttf-png),"unknown (P30Day collection, terms not verified)",4d513518ca40f923461f1721f7a9d10369f84dd3ce265689e333d43caf4231be
Mj_Maveddat.ttf,Mj_Maveddat Regular,Mj_Maveddat,2000-Iran-Fonts-www.P30Day.com.rar (Mj.Mojtaba.Kia.ttf-png),"unknown (P30Day collection, terms not verified)",716cb1433db4642e51917ceef8c8da82fa9e66242945ce1aff0bc965b8facc53
Mj_Mazen.ttf,Mj_Mazen Regular,Mj_Mazen,2000-Iran-Fonts-www.P30Day.com.rar (Mj.Mojtaba.Kia.ttf-png),"unknown (P30Day collection, terms not verified)",916c7b7874f0095fc707e9695dfe981123963cf784acb447481df0c6b28f8224
Mj_Meem_Medium.ttf,Mj_Meem Medium Regular,Mj_Meem,2000-Iran-Fonts-www.P30Day.com.rar (Mj.Mojtaba.Kia.ttf-png),"unknown (P30Day collection, terms not verified)",13aa9d1471c289eb8433723b57b6c48e4176611148fcd1e17b49bd88ea8ed8f2
Mj_Meghdad.ttf,Mj_Meghdad Regular,Mj_Meghdad,2000-Iran-Fonts-www.P30Day.com.rar (Mj.Mojtaba.Kia.ttf-png),"unknown (P30Day collection, terms not verified)",0e92c1ca447d5b662d6251e61064ea08137fee4b9358306e5cd7641f05613276
Mj_Melika.ttf,Mj_Melika Regular,Mj_Melika,2000-Iran-Fonts-www.P30Day.com.rar (Mj.Mojtaba.Kia.ttf-png),"unknown (P30Day collection, terms not verified)",7174708eea17ced0510e80f17d840dbb769659a11fa4dd83dbb4d2b1099b4a11
Mj_Metal.ttf,Mj_Metal Regular,Mj_Metal,2000-Iran-Fonts-www.P30Day.com.rar (Mj.Mojtaba.Kia.ttf-png),"unknown (P30Day collection, terms not verified)",e12fa0d263fff800ae55927995de84997151803cb53aa9effc3ad670993022e2
Mj_Minaret_Black.ttf,Mj_Minaret Black Regular,Mj_Minaret,2000-Iran-Fonts-www.P30Day.com.rar (Mj.Mojtaba.Kia.ttf-png),"unknown (P30Day collection, terms not verified)",ee41d02e6c5fa2c87c5e16cecf203ce45861a65225f2003db91596d9eaa8ef0b
Mj_Minaret_Outline.ttf,Mj_Minaret Outline Regular,Mj_Minaret Outline,2000-Iran-Fonts-www.P30Day.com.rar (Mj.Mojtaba.Kia.ttf-png),"unknown (P30Day collection, terms not verified)",53be53716e24521a4b83407de11fb8101665bd8ba23ca3936aba144ab657ac44
Mj_Minaret.ttf,Mj_Minaret Regular,Mj_Minaret,2000-Iran-Fonts-www.P30Day.com.rar (Mj.Mojtaba.Kia.ttf-png),"unknown (P30Day collection, terms not verified)",717402db6733fe587f89659668880827d80450dd37994d11c9a48d8b605505d4
Mj_Modern_1.ttf,Mj_Modern_1 Regular,Mj_Modern_1,2000-Iran-Fonts-www.P30Day.com.rar (Mj.Mojtaba.Kia.ttf-png),"unknown (P30Day collection, terms not verified)",4280d1863e641040c864d9f0f9e2843f8aa88f70c7aab287e9307145d9d708ce
Mj_Modern_2.ttf,Mj_Modern_2 Regular,Mj_Modern_2,2000-Iran-Fonts-www.P30Day.com.rar (Mj.Mojtaba.Kia.ttf-png),"unknown (P30Day collection, terms not verified)",2e30f4849fcc4b7eec2203ebfbe56546327d7cc3c2bf2eaaf2cca48c2158d344
Mj_Modern_3.ttf,Mj_Modern_3 Regular,Mj_Modern_3,2000-Iran-Fonts-www.P30Day.com.rar (Mj.Mojtaba.Kia.ttf-png),"unknown (P30Day collection, terms not verified)",1a02f9421e53fd1463856ab055e35a9b5867f86e575799c4f53b4af866e0d2e0
Mj_Modern.ttf,Mj_Modern Regular,Mj_Modern,2000-Iran-Fonts-www.P30Day.com.rar (Mj.Mojtaba.Kia.ttf-png),"unknown (P30Day collection, terms not verified)",dbbcd65a294dc0aa81242764485e6cf7735364f8f17dd0970c1270fc9424eb92
Mj_Moez.ttf,Mj_Moez Regular,Mj_Moez,2000-Iran-Fonts-www.P30Day.com.rar (Mj.Mojtaba.Kia.ttf-png),"unknown (P30Day collection, terms not verified)",ae09ab3f1e665ac3c284589915ae67b4c7e052194a0e2dd5d862b71fdaf00dfe
Mj_Mohammad.ttf,Mj_Mohammad Regular,Mj_Mohammad,2000-Iran-Fonts-www.P30Day.com.rar (Mj.Mojtaba.Kia.ttf-png),"unknown (P30Day collection, terms not verified)",80127264700b46a17362b4251ea1447a81c08b1098f2388e6517c318999b74b9
Mj_Moharram_Bold.ttf,Mj_Moharram Bold Bold,Mj_Moharram,2000-Iran-Fonts-www.P30Day.com.rar (Mj.Mojtaba.Kia.ttf-png),"unknown (P30Day collection, terms not verified)",c440d8774a4fd58bc57826ae280dee04da5556f951f3e4581bcc2f560fcb5073
Mj_Moharram_Light.ttf,Mj_Moharram Light Regular,Mj_Moharram,2000-Iran-Fonts-www.P30Day.com.rar (Mj.Mojtaba.Kia.ttf-png),"unknown (P30Day collection, terms not verified)",f6533402ed078bb5022e2b87a30b6b62fec6b11fd4ccbb09bf7810bf4fca9c8f
Mj_Mokhtar.ttf,Mj_Mokhtar Bold,Mj_Mokhtar,2000-Iran-Fonts-www.P30Day.com.rar (Mj.Mojtaba.Kia.ttf-png),"unknown (P30Day collection, terms not verified)",74bceca7e3cee7a754cf948fe8de88f7f7a04af8cc67419861fbea96349bb25e
Mj_Moshfegh_Bold.ttf,Mj_Moshfegh Bold Bold,Mj_Moshfegh,2000-Iran-Fonts-www.P30Day.com.rar (Mj.Mojtaba.Kia.ttf-png),"unknown (P30Day collection, terms not verified)",2bd666170c3d3c19ca2b09c711256c0d76c3e3f6ac1114815bbd2d32e4c67486
Mj_Moshfegh.ttf,Mj_Moshfegh Regular,Mj_Moshfegh,2000-Iran-Fonts-www.P30Day.com.rar (Mj.Mojtaba.Kia.ttf-png),"unknown (P30Day collection, terms not verified)",8558114d398a04100931906367aefa737e94b6e3fb2b0a2402fa87fd8898c2c0
Mj_Mousa.ttf,Mj_Mousa Regular,Mj_Mousa,2000-Iran-Fonts-www.P30Day.com.rar (Mj.Mojtaba.Kia.ttf-png),"unknown (P30Day collection, terms not verified)",8eb68da022d2c8cc46b9c2f95ccbfd2a07ac0a42cb948eb5c787dd6c55c70e80
Mj_Nabigha_Light.ttf,Mj_Nabigha Light Regular,Mj_Nabigha,2000-Iran-Fonts-www.P30Day.com.rar (Mj.Mojtaba.Kia.ttf-png),"unknown (P30Day collection, terms not verified)",b056b8319788f9395e177c5fe48b9f6849243745c9d138f525d1bc308584848f
Mj_Nadine.ttf,Mj_Nadine Regular,Mj_Nadine,2000-Iran-Fonts-www.P30Day.com.rar (Mj.Mojtaba.Kia.ttf-png),"unknown (P30Day collection, terms not verified)",db8550c236a2b7e7ee9fc5b815f9f059c397a6e92a28892d2b6c7f71ac58c424
Mj_Najah_3D.ttf,Mj_Najah 3D Regular,Mj_Najah 3D,2000-Iran-Fonts-www.P30Day.com.rar (Mj.Mojtaba.Kia.ttf-png),"unknown (P30Day collection, terms not verified)",661f9802571319ce7f6052c03a4028f60dd9180fd3597a1c02838463498d80c7
Mj_Najm_Bold.ttf,Mj_Najm Bold Bold,Mj_Najm,2000-Iran-Fonts-www.P30Day.com.rar (Mj.Mojtaba.Kia.ttf-png),"unknown (P30Day collection, terms not verified)",92a39c1d014c5d16cbbffe3362eb1f5efb330e46319562ef006c5f88269c9ac0
Mj_Najm_Light.ttf,Mj_Najm Light Regular,Mj_Najm,2000-Iran-Fonts-www.P30Day.com.rar (Mj.Mojtaba.Kia.ttf-png),"unknown (P30Day collection, terms not verified)",a1adf995ee6a83255e6253f83670389483d8e046f4f792fc96cf2dec15082a50
Mj_Najm_Medium.ttf,Mj_Najm Medium Regular,Mj_Najm,2000-Iran-Fonts-www.P30Day.com.rar (Mj.Mojtaba.Kia.ttf-png),"unknown (P30Day collection, terms not verified)",19de8abf83dc5133e97085e6f0f3610f36756b1a10722da1c0334a243744e0e3
Mj_Najm_Outline.ttf,Mj_Najm Outline Bold,Mj_Najm Outline,2000-Iran-Fonts-www.P30Day.com.rar (Mj.Mojtaba.Kia.ttf-png),"unknown (P30Day collection, terms not verified)",e4d120803cf5fe8d04e1d673f7d54399597bddee52056104986462a14da95562
Mj_Nami.ttf,Mj_Nami Regular,Mj_Nami,2000-Iran-Fonts-www.P30Day.com.rar (Mj.Mojtaba.Kia.ttf-png),"unknown (P30Day collection, terms not verified)",7206767f1c1a4e1872c3ab519b63847be71b0d43f51bef88459d3c0f91a0dc7a
Mj_Narrow_Bold.ttf,Mj_Narrow Bold Bold,Mj_Narrow,2000-Iran-Fonts-www.P30Day.com.rar (Mj.Mojtaba.Kia.ttf-png),"unknown (P30Day collection, terms not verified)",85d056545c9a578d3b76d890d73ff35eb772727da0d74a52673c9d5ef941a56a
Mj_Narrow_Light.ttf,Mj_Narrow Light Regular,Mj_Narrow,2000-Iran-Fonts-www.P30Day.com.rar (Mj.Mojtaba.Kia.ttf-png),"unknown (P30Day collection, terms not verified)",8c46e252059f28084e5f2c70b37a2e2456e60e3d6927a37ef3fd223bf035b2da
Mj_Naskh_Titr_Outline.ttf,Mj_Naskh Titr Outline Bold,Mj_Naskh Titr Outline,2000-Iran-Fonts-www.P30Day.com.rar (Mj.Mojtaba.Kia.ttf-png),"unknown (P30Day collection, terms not verified)",337ad6950a56de9c57610e6e52a9e58541b58c79517d4adbacce4fcdbc30e80a
Mj_Naskh_Titr_Shadow.ttf,Mj_Naskh Titr Shadow Bold,Mj_Naskh Titr Shadow,2000-Iran-Fonts-www.P30Day.com.rar (Mj.Mojtaba.Kia.ttf-png),"unknown (P30Day collection, terms not verified)",96d61e8efd5d72a13fe8335124f5a0dbedb1c8e30e08def14e5cc15858afe259
Mj_Naskh_Titr.ttf,Mj_Naskh Titr Bold,Mj_Naskh Titr,2000-Iran-Fonts-www.P30Day.com.rar (Mj.Mojtaba.Kia.ttf-png),"unknown (P30Day collection, terms not verified)",12d1cbcf2e3fff706af14139eff75124cda655dd2544e8be27aa12a0599472e6
Mj_Naskhi.ttf,Mj_Naskhi Regular,Mj_Naskhi,2000-Iran-Fonts-www.P30Day.com.rar (Mj.Mojtaba.Kia.ttf-png),"unknown (P30Day collection, terms not verified)",d0ff97b5cb42b8b213e18dbd0b4778ae39f20c23ca840257201c0939d7a07d42
Mj_Nasr.ttf,Mj_Nasr Regular,Mj_Nasr,2000-Iran-Fonts-www.P30Day.com.rar (Mj.Mojtaba.Kia.ttf-png),"unknown (P30Day collection, terms not verified)",5ff4a4661c6874d08c07d2ff84eee227f66797943bb112111d9c98dc3694a358
Mj_Nawal.ttf,Mj_Nawal Regular,Mj_Nawal,2000-Iran-Fonts-www.P30Day.com.rar (Mj.Mojtaba.Kia.ttf-png),"unknown (P30Day collection, terms not verified)",777f641afca1dc364d873d06d08325c66e0398c9810e1a51f2264e51befb2556
Mj_Nawress.ttf,Mj_Nawress Regular,Mj_Nawress,2000-Iran-Fonts-www.P30Day.com.rar (Mj.Mojtaba.Kia.ttf-png),"unknown (P30Day collection, terms not verified)",59e249e968161c3417068f2ec9a4e61a1c21d879cb5dbe463ca199920b241a01
Mj_Nazila_2.ttf,Mj_Nazila 2 Bold,Mj_Nazila 2,2000-Iran-Fonts-www.P30Day.com.rar (Mj.Mojtaba.Kia.ttf-png),"unknown (P30Day collection, terms not verified)",d83a58a10da47ccc1cc49b83c7ff8c7e3e92e6a4ca39e6a38d441894a4e9a9dd
Mj_Nazila_3D_Shadow.ttf,Mj_Nazila 3D Shadow Bold,Mj_Nazila 3D Shadow,2000-Iran-Fonts-www.P30Day.com.rar (Mj.Mojtaba.Kia.ttf-png),"unknown (P30Day collection, terms not verified)",ca03ceb79b5f5db7e6ec4ad9146b348ad9ed9615932b2a755d02d6e34ad9c3ff
Mj_Nazila_College.ttf,Mj_Nazila College Bold,Mj_Nazila College,2000-Iran-Fonts-www.P30Day.com.rar (Mj.Mojtaba.Kia.ttf-png),"unknown (P30Day collection, terms not verified)",f8a359dba3fc21cc3fb780b61e98af5a9b02c527ffd22c3a6ffd2182b26939ff
Mj_Nazila_Cow.ttf,Mj_Nazila Cow Bold,Mj_Nazila Cow,2000-Iran-Fonts-www.P30Day.com.rar (Mj.Mojtaba.Kia.ttf-png),"unknown (P30Day collection, terms not verified)",1fc8b3557420fc323fae1d52c865dad0a5933d9e8b8ce43f7a2b22ae3e8788fe
Mj_Nazila_Gol.ttf,Mj_Nazila Gol Bold,Mj_Nazila Gol,2000-Iran-Fonts-www.P30Day.com.rar (Mj.Mojtaba.Kia.ttf-png),"unknown (P30Day collection, terms not verified)",8200f1dddf3411bd4a33b880a61b2b673dad3837772e49ba6cf7e4ce590bd2f4
Mj_Nazila.ttf,Mj_Nazila Bold,Mj_Nazila,2000-Iran-Fonts-www.P30Day.com.rar (Mj.Mojtaba.Kia.ttf-png),"unknown (P30Day collection, terms not verified)",863251d75c2100c7d0f9965df0aefe936c9ea44f49476e7c425408fa9a2046e4
Mj_Neda_Outline.ttf,Mj_Neda Outline Regular,Mj_Neda Outline,2000-Iran-Fonts-www.P30Day.com.rar (Mj.Mojtaba.Kia.ttf-png),"unknown (P30Day collection, terms not verified)",88dcd724adc945f3c318e0375214bbc7b4699fda1d0c421c61e21210ce41c6d9
Mj_Neda.ttf,Mj_Neda Regular,Mj_Neda,2000-Iran-Fonts-www.P30Day.com.rar (Mj.Mojtaba.Kia.ttf-png),"unknown (P30Day collection, terms not verified)",ec0e9e8ca38f090718b12e82bca0372ff250ac15fe6951ba1da6a105df35f1ee
Mj_Net.ttf,Mj_Net Regular,Mj_Net,2000-Iran-Fonts-www.P30Day.com.rar (Mj.Mojtaba.Kia.ttf-png),"unknown (P30Day collection, terms not verified)",300b59cf2a0d683615d2ba8aadb00f81c7103f8bcd334d96646e7e7e41242351
Mj_New_Bold.ttf,Mj_New Bold Bold,Mj_New,2000-Iran-Fonts-www.P30Day.com.rar (Mj.Mojtaba.Kia.ttf-png),"unknown (P30Day collection, terms not verified)",7eacf88b71c8e1185df6fa9fd1c7e564e6888d2ddd92b1552567f7d25850fdd8
Mj_Newspaper.ttf,Mj_Newspaper Regular,Mj_Newspaper,2000-Iran-Fonts-www.P30Day.com.rar (Mj.Mojtaba.Kia.ttf-png),"unknown (P30Day collection, terms not verified)",eacf9e66d9ed8eb85d733f6b7e318e19c3bca9a9c5a3a69782c806754b3bb7cb
Mj_Nidal.ttf,Mj_Nidal Regular,Mj_Nidal,2000-Iran-Fonts-www.P30Day.com.rar (Mj.Mojtaba.Kia.ttf-png),"unknown (P30Day collection, terms not verified)",e6845cc14163bf3ffae593d4228c494cbd140e746e5dcc3d4c2786cb37b2a148
Mj_Nil_1.ttf,Mj_Nil 1 Regular,Mj_Nil 1,2000-Iran-Fonts-www.P30Day.com.rar (Mj.Mojtaba.Kia.ttf-png),"unknown (P30Day collection, terms not verified)",0057196c1e0a7a63f50eb78445a83c471e8e03cd10a51f55861b4a3abe7a687e
Mj_Nil_2.ttf,Mj_Nil 2 Regular,Mj_Nil 2,2000-Iran-Fonts-www.P30Day.com.rar (Mj.Mojtaba.Kia.ttf-png),"unknown (P30Day collection, terms not verified)",426907cd69b4c9b1f1f578b7d6d08fae89d441a2d2e6652c9540d7d48c9b623c
Mj_Nil_3.ttf,Mj_Nil 3 Regular,Mj_Nil 3,2000-Iran-Fonts-www.P30Day.com.rar (Mj.Mojtaba.Kia.ttf-png),"unknown (P30Day collection, terms not verified)",82faca5ee681ef9bcd9f3ace42ab9737a912c410a8b2f4b2e60946b406f5f826
Mj_Nissabouri.ttf,Mj_Nissabouri Regular,Mj_Nissabouri,2000-Iran-Fonts-www.P30Day.com.rar (Mj.Mojtaba.Kia.ttf-png),"unknown (P30Day collection, terms not verified)",0f19c60aa78b54e37de2c6a544a5916175898b34d416b87ebea84c39aa88f718
Mj_Noor.ttf,Mj_Noor Regular,Mj_Noor,2000-Iran-Fonts-www.P30Day.com.rar (Mj.Mojtaba.Kia.ttf-png),"unknown (P30Day collection, terms not verified)",951bdcebd1927c76fce6f2fc3e17f4f38fdddb0bc4a5965574b6c9e7f057fdec
Mj_Normal.ttf,Mj_Normal Regular,Mj,2000-Iran-Fonts-www.P30Day.com.rar (Mj.Mojtaba.Kia.ttf-png),"unknown (P30Day collection, terms not verified)",4d3dd4d5e7d470e79f3b70ff96fa4e4b276cc8d66b766cbe8bb82e4a0c1b1c3d
Mj_Nova.ttf,Mj_Nova Regular,Mj_Nova,2000-Iran-Fonts-www.P30Day.com.rar (Mj.Mojtaba.Kia.ttf-png),"unknown (P30Day collection, terms not verified)",cf6e621b8dbb88553492df80a454ccab3ecdd08b88c573e46661d05d1d798980
Mj_Ojan_Outline.ttf,Mj_Ojan Outline Regular,Mj_Ojan Outline,2000-Iran-Fonts-www.P30Day.com.rar (Mj.Mojtaba.Kia.ttf-png),"unknown (P30Day collection, terms not verified)",02b678dee4328ffcf5b8241f1c939de5f22eb9af04d53f23dbf06c6d695d1cb6
Mj_Ojan.ttf,Sultan Normal Regular (Mj_Ojan),Sultan,2000-Iran-Fonts-www.P30Day.com.rar (Mj.Mojtaba.Kia.ttf-png),"unknown (P30Day collection, terms not verified)",473740a93fb70e77e3a05c9925bbd453892fd8ff0d4c8f496e8ea8c679b4584a
Mj_Old.ttf,Mj_Old Regular,Mj_Old,2000-Iran-Fonts-www.P30Day.com.rar (Mj.Mojtaba.Kia.ttf-png),"unknown (P30Day collection, terms not verified)",484c0129fc50ee0707414f8b8870958c6001c45308b821e7777d2624d7a58b14
Mj_Omid.ttf,Mj_Omid Regular,Mj_Omid,2000-Iran-Fonts-www.P30Day.com.rar (Mj.Mojtaba.Kia.ttf-png),"unknown (P30Day collection, terms not verified)",905dccea1d0abedb92a0b03186410eaa072620413d08a36599055c342af1f57d
Mj_Pakestan.ttf,Mj_Pakestan 1 Regular,Mj_Pakestan 1,2000-Iran-Fonts-www.P30Day.com.rar (Mj.Mojtaba.Kia.ttf-png),"unknown (P30Day collection, terms not verified)",a69ced9a70d41a6ac240ead581f000d606c45d774b273e4bfeac0e376837cdbf
Mj_Parand.ttf,Mj_Parand Regular,Mj_Parand,2000-Iran-Fonts-www.P30Day.com.rar (Mj.Mojtaba.Kia.ttf-png),"unknown (P30Day collection, terms not verified)",b75b0e76b374eff2962ba5f926850fd12b69dae5c83e1e6a891802bc6db4b4c6
Mj_Pashtu_Bold.ttf,Mj_Pashtu Bold Bold,Mj_Pashtu,2000-Iran-Fonts-www.P30Day.com.rar (Mj.Mojtaba.Kia.ttf-png),"unknown (P30Day collection, terms not verified)",a5844c08d614fdcc04827b408f13a772670b6f6bb3edaffd2eff1ca728ac256c
Mj_Pashtu_Digital.ttf,Mj_Pashtu Digital Regular,Mj_Pashtu Digital,2000-Iran-Fonts-www.P30Day.com.rar (Mj.Mojtaba.Kia.ttf-png),"unknown (P30Day collection, terms not verified)",f975d404311a9ae11799e8681cc14b3d01b07cb3a1ba1784859236319ce8dc16
Mj_Pashtu_Light.ttf,Mj_Pashtu Light Regular,Mj_Pashtu,2000-Iran-Fonts-www.P30Day.com.rar (Mj.Mojtaba.Kia.ttf-png),"unknown (P30Day collection, terms not verified)",6e773280c82de3ec7b3e7cbbfe069505e1fdbcb50b95f8dc8369206e37669fa4
Mj_Pashtu_Outline.ttf,Mj_Pashtu Outline Regular,Mj_Pashtu Outline,2000-Iran-Fonts-www.P30Day.com.rar (Mj.Mojtaba.Kia.ttf-png),"unknown (P30Day collection, terms not verified)",c29299e3c301acfd41b2c802c623dd51ef04b4d5c92a370b7722f2259a70165b
Mj_Pashtu_Star.ttf,Mj_Pashtu Star Bold,Mj_Pashtu Star,2000-Iran-Fonts-www.P30Day.com.rar (Mj.Mojtaba.Kia.ttf-png),"unknown (P30Day collection, terms not verified)",5aae1939d870e83f64c53853adb53f9090348b1660973940067b4f82a69bc676
Mj_Petra.ttf,Mj_Petra Regular,Mj_Petra,2000-Iran-Fonts-www.P30Day.com.rar (Mj.Mojtaba.Kia.ttf-png),"unknown (P30Day collection, terms not verified)",5e28aa694bd30af36c201010df9c2c3af2588682f16ffe5047d363ed6abcf594
Mj_Point.ttf,Mj_Point Regular,Mj_Point,2000-Iran-Fonts-www.P30Day.com.rar (Mj.Mojtaba.Kia.ttf-png),"unknown (P30Day collection, terms not verified)",50e96d9edd1a3f2d7451dc8f75793f9b5ca5a2fa192beb5a5b97a3575522dabb
Mj_Promoter_Lt.ttf,Mj_Promoter Lt Regular,Mj_Promoter Lt,2000-Iran-Fonts-www.P30Day.com.rar (Mj.Mojtaba.Kia.ttf-png),"unknown (P30Day collection, terms not verified)",1e196ab60e5b3c26bc45269f9c1c4d2ebd69dc8519586b7b116db6f402f516ad
Mj_Promoter_Md.ttf,Mj_Promoter Md Regular,Mj_Promoter Md,2000-Iran-Fonts-www.P30Day.com.rar (Mj.Mojtaba.Kia.ttf-png),"unknown (P30Day collection, terms not verified)",7f424ccb1374878b435ab8f52836399aaa551619c354c0b9da48692db71a48e3
Mj_Promoter.ttf,Mj_Promoter Regular,Mj_Promoter,2000-Iran-Fonts-www.P30Day.com.rar (Mj.Mojtaba.Kia.ttf-png),"unknown (P30Day collection, terms not verified)",ef4ec525d96d8fc6032f9e9c55e75dfcc329edbefdee23f23719eac0b204d704
Mj_Qantarat_Extra_Bold.ttf,Mj_Qantarat Extra Bold Bold,Mj_Qantarat,2000-Iran-Fonts-www.P30Day.com.rar (Mj.Mojtaba.Kia.ttf-png),"unknown (P30Day collection, terms not verified)",73b7c4af47f79f9d1af25382ec2ab97560d6175eb82e3f49dc24df4edb3a9a68
Mj_Qatar.ttf,Mj_Qatar Regular,Mj_Qatar,2000-Iran-Fonts-www.P30Day.com.rar (Mj.Mojtaba.Kia.ttf-png),"unknown (P30Day collection, terms not verified)",3109ca59243293d5fdbffcc89938f3e4e00a324f6755e43d7f8fed2defb0ab80
Mj_Qertaj.ttf,Sultan Normal Regular (Mj_Qertaj),Sultan,2000-Iran-Fonts-www.P30Day.com.rar (Mj.Mojtaba.Kia.ttf-png),"unknown (P30Day collection, terms not verified)",ba208055b0adbf49ecb223db4d495825ae43db522c91fc428251e05fbb1094c9
Mj_Rabie.ttf,Mj_Rabie Bold,Mj_Rabie,2000-Iran-Fonts-www.P30Day.com.rar (Mj.Mojtaba.Kia.ttf-png),"unknown (P30Day collection, terms not verified)",e6bab7c86101dc6194332c01e26fd0def349bb8fde4c00c2e70ae696914bc676
Mj_Rafie_Art.ttf,Mj_Rafie Art Regular,Mj_Rafie Art,2000-Iran-Fonts-www.P30Day.com.rar (Mj.Mojtaba.Kia.ttf-png),"unknown (P30Day collection, terms not verified)",3c801ac549a4d74e926b63206b083678d6a7b445833515b41795b1730e568cf4
Mj_Rafie.ttf,Mj_Rafie Regular,Mj_Rafie,2000-Iran-Fonts-www.P30Day.com.rar (Mj.Mojtaba.Kia.ttf-png),"unknown (P30Day collection, terms not verified)",9b27e5947c3ac13abd1084d77180ed3ddb0a9de86ab5094d9fbe243d3cfe45d7
Mj_Rajab.ttf,Mj_Rajab Regular,Mj_Rajab,2000-Iran-Fonts-www.P30Day.com.rar (Mj.Mojtaba.Kia.ttf-png),"unknown (P30Day collection, terms not verified)",b2b325ce6526160a225f1b79ae519355225d23d0fbb640f9b65be69c3f98d3b6
Mj_Ramollah_Outline.ttf,Mj_Ramolah Outline Regular,Mj_Ramolah Outline,2000-Iran-Fonts-www.P30Day.com.rar (Mj.Mojtaba.Kia.ttf-png),"unknown (P30Day collection, terms not verified)",c8182f8f265e1f11153d2450c9ab5a190783b4bf8ccc3cda3406c59aff4838a9
Mj_Ramollah.ttf,Mj_Ramollah Regular,Mj_Ramollah,2000-Iran-Fonts-www.P30Day.com.rar (Mj.Mojtaba.Kia.ttf-png),"unknown (P30Day collection, terms not verified)",cc393262066ee3b3546c1a22f395006cc5de70f4d8c17cb49f177e29d022bb39
Mj_Rana.ttf,Mj_Rana Bold,Mj_Rana,2000-Iran-Fonts-www.P30Day.com.rar (Mj.Mojtaba.Kia.ttf-png),"unknown (P30Day collection, terms not verified)",e6890fc8eb9a2943a43f9d15b2fc621013c2b20a28b2ced8faeb0586f8b2fc91
Mj_Rashid.ttf,Mj_Rashid Regular,Mj_Rashid,2000-Iran-Fonts-www.P30Day.com.rar (Mj.Mojtaba.Kia.ttf-png),"unknown (P30Day collection, terms not verified)",2a08244c4a36695dcdb71dfed9c65fe67e9b9c43819b5edf4f48d09c935c95cf
Mj_SS_Three_Light.ttf,Mj_SS Three Regular,Mj_SS Three,2000-Iran-Fonts-www.P30Day.com.rar (Mj.Mojtaba.Kia.ttf-png),"unknown (P30Day collection, terms not verified)",9b9dfb6cbdc17228522a38ff281d3df763f6de5ee2c8996ed384c82c2d43ace0
Mj_Saadi_Bold.ttf,Mj_Saadi Bold Bold,Mj_Saadi,2000-Iran-Fonts-www.P30Day.com.rar (Mj.Mojtaba.Kia.ttf-png),"unknown (P30Day collection, terms not verified)",7608ab7ad9cb66c068db8583e9ea8e72c2ff1d12828209b42e862f183fe572a3
Mj_Saadi_Ultra.ttf,Mj_Saadi Ultra Bold,Mj_Saadi Ultra,2000-Iran-Fonts-www.P30Day.com.rar (Mj.Mojtaba.Kia.ttf-png),"unknown (P30Day collection, terms not verified)",2b99eefb3db0ec148f1c1e7219d523d597de597bcac9b214f6c63d0092e2d286
Mj_Saadi.ttf,Mj_Saadi Regular,Mj_Saadi,2000-Iran-Fonts-www.P30Day.com.rar (Mj.Mojtaba.Kia.ttf-png),"unknown (P30Day collection, terms not verified)",052e9bf3e45e0a979696f0c2b38d592d4cad0dd49aad3601298d01c049cf1e83
Mj_Saeed.ttf,Mj_Saeed Bold,Mj_Saeed,2000-Iran-Fonts-www.P30Day.com.rar (Mj.Mojtaba.Kia.ttf-png),"unknown (P30Day collection, terms not verified)",559a830e7ad95b58b147893c9a3eb62129175b180f1fef6ae82ec0735d037401
Mj_Sahafa.ttf,Mj_Sahafa Regular,Mj_Sahafa,2000-Iran-Fonts-www.P30Day.com.rar (Mj.Mojtaba.Kia.ttf-png),"unknown (P30Day collection, terms not verified)",1c2470974e4b8691c20ab604eca0bf610bea2cfa567a4032426787578821cd48
Mj_Salem.ttf,Mj_Salem Regular,Mj_Salem,2000-Iran-Fonts-www.P30Day.com.rar (Mj.Mojtaba.Kia.ttf-png),"unknown (P30Day collection, terms not verified)",2185e5432d9bd4160758d8c73b476f2a98918b4ac9c89aa1318211035811d0b6
Mj_Samra_Lt.ttf,Mj_Samra Lt Regular,Mj_Samra Lt,2000-Iran-Fonts-www.P30Day.com.rar (Mj.Mojtaba.Kia.ttf-png),"unknown (P30Day collection, terms not verified)",bcf5c880142ffdaeb1f763eadb2bf6d0b48550440522ed4670755ec2da02c048
Mj_Samra.ttf,Mj_Samra Regular,Mj_Samra,2000-Iran-Fonts-www.P30Day.com.rar (Mj.Mojtaba.Kia.ttf-png),"unknown (P30Day collection, terms not verified)",55ecfcb370e7fca36d075846b2fd39b9e352b487836f7164f53b6eb498b70bd8
Mj_Sanaa.ttf,Mj_Sanaa Regular,Mj_Sanaa,2000-Iran-Fonts-www.P30Day.com.rar (Mj.Mojtaba.Kia.ttf-png),"unknown (P30Day collection, terms not verified)",eb7f3cf105dd65888c620fe235ccc00dc07549b2b563169c2a40ce1eab2a4e1c
Mj_Sandbad_Bold.ttf,Mj_Sandbad Bold Bold,Mj_Sandbad,2000-Iran-Fonts-www.P30Day.com.rar (Mj.Mojtaba.Kia.ttf-png),"unknown (P30Day collection, terms not verified)",e9b262c8a268f0578fd76e9b72e46003cd7215dbf026456ce33200b05bd7fbce
Mj_Sandbad_Outline.ttf,Mj_Sandbad Outline Regular,Mj_Sandbad Outline,2000-Iran-Fonts-www.P30Day.com.rar (Mj.Mojtaba.Kia.ttf-png),"unknown (P30Day collection, terms not verified)",56cba0258c6db501f3f6572b56b36fc1ba210f52debb5fb3a77a3e4b87eb82bc
Mj_Sandbad.ttf,Mj_Sandbad Regular,Mj_Sandbad,2000-Iran-Fonts-www.P30Day.com.rar (Mj.Mojtaba.Kia.ttf-png),"unknown (P30Day collection, terms not verified)",d90187eff4b76187236a1ebe50c4a17c333cc5745738bf10c4ef2aaaee259f04
Mj_Sattar.ttf,Mj_Sattar Regular,Mj_Sattar,2000-Iran-Fonts-www.P30Day.com.rar (Mj.Mojtaba.Kia.ttf-png),"unknown (P30Day collection, terms not verified)",50ac43f526b385bf7423f8365273a8aec5215d3ae23cc12bbd58d35376563d0d
Mj_Saudi_Arabia_XL.ttf,Mj_Saudi Arabia XL Regular,Mj_Saudi Arabia XL,2000-Iran-Fonts-www.P30Day.com.rar (Mj.Mojtaba.Kia.ttf-png),"unknown (P30Day collection, terms not verified)",dba50ea6167d73d940b8770b6ae10406217835f7820e53b11c05c9a6b3d84c01
Mj_Saudi_Arabia.ttf,Mj_Saudi Arabia Regular,Mj_Saudi Arabia,2000-Iran-Fonts-www.P30Day.com.rar (Mj.Mojtaba.Kia.ttf-png),"unknown (P30Day collection, terms not verified)",4988cd632d5349828e0a311bae48c00b44a3389cc4681f8ac0db366d5bc41cad
Mj_Sayeh-1.ttf,Mj_Sayeh-1 Regular,Mj_Sayeh-1,2000-Iran-Fonts-www.P30Day.com.rar (Mj.Mojtaba.Kia.ttf-png),"unknown (P30Day collection, terms not verified)",f74142d7e379a065d4f3cabc82b7fcf1d70225f754bd4e9569606b49ee371597
Mj_Sayeh-2.ttf,Mj_Sayeh-2 Regular,Mj_Sayeh-2,2000-Iran-Fonts-www.P30Day.com.rar (Mj.Mojtaba.Kia.ttf-png),"unknown (P30Day collection, terms not verified)",d00d2dc046afa31c047ba15a12842b840a65cb72718ca756becdf251b88970d5
Mj_Sazeh_Bold.ttf,Mj_Sazeh Bold Bold,Mj_Sazeh,2000-Iran-Fonts-www.P30Day.com.rar (Mj.Mojtaba.Kia.ttf-png),"unknown (P30Day collection, terms not verified)",36f80cf2dc4e826177e4e6235e79f57bc562331afdfe2fa4fe8c2fe57adf99b6
Mj_Sazeh_Light.ttf,Mj_Sazeh Light Regular,Mj_Sazeh,2000-Iran-Fonts-www.P30Day.com.rar (Mj.Mojtaba.Kia.ttf-png),"unknown (P30Day collection, terms not verified)",60d1b13b354bd0cadd8524e18fc794c048c7a87a7c35d2ff33f22d619a9fb48d
Mj_Serif.ttf,Mj_Serif Bold,Mj_Serif,2000-Iran-Fonts-www.P30Day.com.rar (Mj.Mojtaba.Kia.ttf-png),"unknown (P30Day collection, terms not verified)",e429d7e97e86870873e9e1f12b11ffe49561c8bb01df7d4c709e71a2e3c33931
Mj_Shablon_Outline.ttf,Mj_Shablon Outline Regular,Mj_Shablon Outline,2000-Iran-Fonts-www.P30Day.com.rar (Mj.Mojtaba.Kia.ttf-png),"unknown (P30Day collection, terms not verified)",d7da1bf80987698be939e243917345fb6d284158aaf21a8e32a8000b22457431
Mj_Shablon.ttf,Sultan Normal Regular (Mj_Shablon),Sultan,2000-Iran-Fonts-www.P30Day.com.rar (Mj.Mojtaba.Kia.ttf-png),"unknown (P30Day collection, terms not verified)",6a41991e17f14acc986d3fd1d1390bede7918f60261e4ce4c3d9721263983995
Mj_Shadow.ttf,Mj_Shadow Regular,Mj_Shadow,2000-Iran-Fonts-www.P30Day.com.rar (Mj.Mojtaba.Kia.ttf-png),"unknown (P30Day collection, terms not verified)",26b991a5923479210729e23c3b515ed933d10b0614e160d69a47dfec9d5e862c
Mj_Shafigh_2_Bold.ttf,Mj_Shafigh 2 Bold Bold,Mj_Shafigh 2,2000-Iran-Fonts-www.P30Day.com.rar (Mj.Mojtaba.Kia.ttf-png),"unknown (P30Day collection, terms not verified)",7e6b8fefbaa43ba589d18863f435a86d92e3058e20d768f7d1659a29611d5072
Mj_Shafigh_2.ttf,Mj_Shafigh 2 Regular,Mj_Shafigh 2,2000-Iran-Fonts-www.P30Day.com.rar (Mj.Mojtaba.Kia.ttf-png),"unknown (P30Day collection, terms not verified)",bae7df28ea516dcc12aee08addbb6b2eaa6ea812f48ce105f98800257f00a209
Mj_Shafigh_Mangle.ttf,Mj_Shafigh Mangle Bold,Mj_Shafigh Mangle,2000-Iran-Fonts-www.P30Day.com.rar (Mj.Mojtaba.Kia.ttf-png),"unknown (P30Day collection, terms not verified)",ea7ec08b1264aa4c25b5c905803a825e9274a0b36b4b8c3e9fc5c97f2d08fcd1
Mj_Shafigh_Outline.ttf,Mj_Shafigh Outline Bold,Mj_Shafigh Outline,2000-Iran-Fonts-www.P30Day.com.rar (Mj.Mojtaba.Kia.ttf-png),"unknown (P30Day collection, terms not verified)",0806c8a2ed16ef731e5e8c3f5734a37b4a3dcdb9b932f54d2cee47ad93e5c47b
Mj_Shafigh_Shade.ttf,Mj_Shafigh Shade Bold,Mj_Shafigh Shade,2000-Iran-Fonts-www.P30Day.com.rar (Mj.Mojtaba.Kia.ttf-png),"unknown (P30Day collection, terms not verified)",c8dbae790edc09a78d5ed030833575d0eb67e743cc096cba564a7e6a19dba5f9
Mj_Shafigh_Stripe_R.ttf,Mj_Shafigh Stripe R Bold,Mj_Shafigh Stripe R,2000-Iran-Fonts-www.P30Day.com.rar (Mj.Mojtaba.Kia.ttf-png),"unknown (P30Day collection, terms not verified)",38b71d3cf78a18882edebd14f0a62bf0abe1efac72b9f5a8adc1df0ccb49b93e
Mj_Shafigh_Stripe.ttf,Mj_Shafigh Stripe Bold,Mj_Shafigh Stripe,2000-Iran-Fonts-www.P30Day.com.rar (Mj.Mojtaba.Kia.ttf-png),"unknown (P30Day collection, terms not verified)",0f452d01b9ed8df0ffb0a6e6af1ccfab4567ca0a7ebd6e644c02c2aa6aa6c6a7
Mj_Shafigh.ttf,Mj_Shafigh Regular,Mj_Shafigh,2000-Iran-Fonts-www.P30Day.com.rar (Mj.Mojtaba.Kia.ttf-png),"unknown (P30Day collection, terms not verified)",6470525b4d913027c3b9d1c269b339910ea226622abacebf274760bbd894e255
Mj_Shehab.ttf,Mj_Shehab Regular,Mj_Shehab,2000-Iran-Fonts-www.P30Day.com.rar (Mj.Mojtaba.Kia.ttf-png),"unknown (P30Day collection, terms not verified)",69cd972afc86d44592ba1f24dc4336f7b1b1f340d8c87dd7992640f50b21c170
Mj_Silicon_Bold.ttf,Mj_Silicon Bold Bold,Mj_Silicon,2000-Iran-Fonts-www.P30Day.com.rar (Mj.Mojtaba.Kia.ttf-png),"unknown (P30Day collection, terms not verified)",499464fd28a4a6def95a49ce4590f5823ad9566994a57986a6360ca48b558378
Mj_Silicon_Outline.ttf,Mj_Silicon Outline Bold,Mj_Silicon Outline,2000-Iran-Fonts-www.P30Day.com.rar (Mj.Mojtaba.Kia.ttf-png),"unknown (P30Day collection, terms not verified)",d71a995b108ab4cd10678ba8fc780db467c9d2137b5d231da6aaa641f7aafda5
Mj_Silicon_Wide_Italic.ttf,Mj_Silicon Wide Italic Bold,Mj_Silicon Wide,2000-Iran-Fonts-www.P30Day.com.rar (Mj.Mojtaba.Kia.ttf-png),"unknown (P30Day collection, terms not verified)",6f2a1b19d351fca398f82b386a9e44e5d6cc0a2e4da533a306191cb95fbf163b
Mj_Silicon.ttf,Mj_Silicon Bold,Mj_Silicon,2000-Iran-Fonts-www.P30Day.com.rar (Mj.Mojtaba.Kia.ttf-png),"unknown (P30Day collection, terms not verified)",bb0c3de67cc8baec2a0833f97a75992b89e15378a3aa106f59723827791db967
Mj_Sima.ttf,Mj_Sima Regular,Mj_Sima,2000-Iran-Fonts-www.P30Day.com.rar (Mj.Mojtaba.Kia.ttf-png),"unknown (P30Day collection, terms not verified)",da86b6499263168c4d6893acfae55cde1f19b5c5f56071054a48cc8fa70be727
Mj_Sina_Drip.ttf,Mj_Sina Drip Regular,Mj_Sina Drip,2000-Iran-Fonts-www.P30Day.com.rar (Mj.Mojtaba.Kia.ttf-png),"unknown (P30Day collection, terms not verified)",fcc1bf5d27f0ee1180138225eae62bc8189f2917999d2432e4b35da303a36b6f
Mj_Slim_High.ttf,Mj_Slim High Regular,Mj_Slim High,2000-Iran-Fonts-www.P30Day.com.rar (Mj.Mojtaba.Kia.ttf-png),"unknown (P30Day collection, terms not verified)",25d0169049f26bb4d944cae4fe9c3b5bffe882803484430c16cdcedbbd699a72
Mj_Smooth_Light.ttf,Mj_Smooth Light Regular,Mj_Smooth,2000-Iran-Fonts-www.P30Day.com.rar (Mj.Mojtaba.Kia.ttf-png),"unknown (P30Day collection, terms not verified)",be5eabf4456f27b48e474eb3c039fd2bcf0204fa0d83343d1d3b0958fe49bb73
Mj_Soumer.ttf,Mj_Soumer Regular,Mj_Soumer,2000-Iran-Fonts-www.P30Day.com.rar (Mj.Mojtaba.Kia.ttf-png),"unknown (P30Day collection, terms not verified)",73804a42dc26fc44ccf9a70f5398ed8ee73d127d707a086a07e8168732848e14
Mj_Sozar.ttf,Mj_Sozar Regular,Mj_Sozar,2000-Iran-Fonts-www.P30Day.com.rar (Mj.Mojtaba.Kia.ttf-png),"unknown (P30Day collection, terms not verified)",d5d1e68fff66d3905e9973d5b9e053f40d6b57e0ec438b3d8fe4169430ba2137
Mj_Strike.ttf,Mj_Striked Bold,Mj_Striked,2000-Iran-Fonts-www.P30Day.com.rar (Mj.Mojtaba.Kia.ttf-png),"unknown (P30Day collection, terms not verified)",2ce4fedd1a3f462283f33504958f5d4824e0cebf2568b94fd9b4189bcfa8bdde
Mj_Sudan_Bd.ttf,Mj_Sudan Bold Regular,Mj_Sudan,2000-Iran-Fonts-www.P30Day.com.rar (Mj.Mojtaba.Kia.ttf-png),"unknown (P30Day collection, terms not verified)",4aed1bbde7d0cf34efbec3d613ac5f543a7d3f4ae86afd44a47d814c4f775e7f
Mj_Sudan.ttf,Mj_Sudan Regular,Mj_Sudan,2000-Iran-Fonts-www.P30Day.com.rar (Mj.Mojtaba.Kia.ttf-png),"unknown (P30Day collection, terms not verified)",3bc4ae437ac8bc2ebfe2a826170fbe75b9acb5716a2ee7958afe02f9c849389b
Mj_Susan.ttf,Mj_Susan Regular,Mj_Susan,2000-Iran-Fonts-www.P30Day.com.rar (Mj.Mojtaba.Kia.ttf-png),"unknown (P30Day collection, terms not verified)",83138c20cdcdea3254b6685dfb6ce8285e141a1979defb97b46c1aa87fe28888
Mj_TV_Bold.ttf,Mj_TV Bold Bold,Mj_TV,2000-Iran-Fonts-www.P30Day.com.rar (Mj.Mojtaba.Kia.ttf-png),"unknown (P30Day collection, terms not verified)",2e3f77a770e6f582573a42df0d0a812acfe74d2d1163d071f8258f830af89529
Mj_TV_Light.ttf,Mj_TV Light Regular,Mj_TV,2000-Iran-Fonts-www.P30Day.com.rar (Mj.Mojtaba.Kia.ttf-png),"unknown (P30Day collection, terms not verified)",bf3f60da097e11a5d27a819b5c70eb875c3dc222203dc55aa6edec81d7e6a90f
Mj_TV_Medium.ttf,Mj_TV Medium Regular,Mj_TV,2000-Iran-Fonts-www.P30Day.com.rar (Mj.Mojtaba.Kia.ttf-png),"unknown (P30Day collection, terms not verified)",362a2beb3731f426d2ca00e234e6ff09e256a4d43a54a5ed35eb2500b6296d82
Mj_Tafseer.ttf,Mj_Tafseer Regular,Mj_Tafseer,2000-Iran-Fonts-www.P30Day.com.rar (Mj.Mojtaba.Kia.ttf-png),"unknown (P30Day collection, terms not verified)",2d0c543dc9aea49f6d898aeff52e9885fa53b27db8c63a585f6c5ec6571bfdd7
Mj_Tail_Mediom.ttf,Mj_Tail Mediom Regular,Mj_Tail Mediom,2000-Iran-Fonts-www.P30Day.com.rar (Mj.Mojtaba.Kia.ttf-png),"unknown (P30Day collection, terms not verified)",0cf301eb2e007b5125d6bbf41b403b458c146dbbe815825cac7fa3d87fd10280
Mj_Takhteh.ttf,Mj_Takhteh Bold,Mj_Takhteh,2000-Iran-Fonts-www.P30Day.com.rar (Mj.Mojtaba.Kia.ttf-png),"unknown (P30Day collection, terms not verified)",1fd67d99cf113cad1aebba37c9ed9aced9108763aebde7dbd6c10ad058d8acb6
Mj_Talat.ttf,Mj_Talat Regular,Mj_Talat,2000-Iran-Fonts-www.P30Day.com.rar (Mj.Mojtaba.Kia.ttf-png),"unknown (P30Day collection, terms not verified)",b1efad5ed0213b1fee40382a84ce52ec134ef52e1d01be524c7018494d6ee4f1
Mj_Tasmeem_Bold.ttf,Mj_Tasmeem Bold,Mj_Tasmeem,2000-Iran-Fonts-www.P30Day.com.rar (Mj.Mojtaba.Kia.ttf-png),"unknown (P30Day collection, terms not verified)",3318f132e23e3e24ae04ea78c76fa17e5e7d49af009d8214bf2980b09ac88661
Mj_Tasmeem.ttf,Mj_Tasmeem Regular,Mj_Tasmeem,2000-Iran-Fonts-www.P30Day.com.rar (Mj.Mojtaba.Kia.ttf-png),"unknown (P30Day collection, terms not verified)",f7be151034762561075037270c585da38fae9342847786588879bca32fddca83
Mj_Tehran.ttf,Mj_Tehran Regular,Mj_Tehran,2000-Iran-Fonts-www.P30Day.com.rar (Mj.Mojtaba.Kia.ttf-png),"unknown (P30Day collection, terms not verified)",2bc8282c5b7ee9d198fba9ebf9b6a397bb09bfba09a4d7c74b664f54c98bc34f
Mj_Text_Bold.ttf,Mj_Text Bold Bold,Mj_Text,2000-Iran-Fonts-www.P30Day.com.rar (Mj.Mojtaba.Kia.ttf-png),"unknown (P30Day collection, terms not verified)",885e565bef8bbc44f609c12e78169d1a5abe477b5092ff289e78af0bd34424e5
Mj_Text_Light.ttf,Mj_Text Light Regular,Mj_Text,2000-Iran-Fonts-www.P30Day.com.rar (Mj.Mojtaba.Kia.ttf-png),"unknown (P30Day collection, terms not verified)",a833103637d84f4334673969146389dc482641a67d83a0cd6fb53f353274beed
Mj_Text_Medium.ttf,Mj_Text Medium Bold,Mj_Text,2000-Iran-Fonts-www.P30Day.com.rar (Mj.Mojtaba.Kia.ttf-png),"unknown (P30Day collection, terms not verified)",738245a89ca26a985c0d23a54b80534b40e6ea1361c3cc88f03333098f4ad791
Mj_Text_Ultra_Light.ttf,Mj_Text Ultra Light Regular,Mj_Text,2000-Iran-Fonts-www.P30Day.com.rar (Mj.Mojtaba.Kia.ttf-png),"unknown (P30Day collection, terms not verified)",bb6b8c7839299d9108566a3d9c8e01faa87ffa3dc86c4b81ca94d1abfcf28c00
Mj_Thameen_Book.ttf,Mj_Thameen Book Regular,Mj_Thameen,2000-Iran-Fonts-www.P30Day.com.rar (Mj.Mojtaba.Kia.ttf-png),"unknown (P30Day collection, terms not verified)",b47cb6a4c3ebe85696115e6956c38dc144adbc8e497fd4b2680a4a1346f346ca
Mj_Thameen_DemiBold.ttf,Mj_Thameen DemiBold Bold,Mj_Thameen,2000-Iran-Fonts-www.P30Day.com.rar (Mj.Mojtaba.Kia.ttf-png),"unknown (P30Day collection, terms not verified)",acfe455a7ee9e47e58846f1304c62cd5d53cb60f64a8509b292733df6bce10a9
Mj_Thameen_Light.ttf,Mj_Thameen Light Regular,Mj_Thameen,2000-Iran-Fonts-www.P30Day.com.rar (Mj.Mojtaba.Kia.ttf-png),"unknown (P30Day collection, terms not verified)",ac3a3ef0670ff396834f85999b58500d46da5d3a77fc22636ff8d10d071e0b01
Mj_Tikeh.ttf,Mj __ Tikeh Regular,Mj __ Tikeh,2000-Iran-Fonts-www.P30Day.com.rar (Mj.Mojtaba.Kia.ttf-png),"unknown (P30Day collection, terms not verified)",1fd233dd475c50cbfa89f0016443d431149debc4090ad8ecd5acef6090df3cc7
Mj_Titr_3D.ttf,Mj_Titr 3D Regular,Mj_Titr 3D,2000-Iran-Fonts-www.P30Day.com.rar (Mj.Mojtaba.Kia.ttf-png),"unknown (P30Day collection, terms not verified)",5e7d18c8fa58450e574fd2b351959123131ba12118126f7a77d20c31ce561af2
Mj_Titr_Cactus.ttf,Mj_Titr Cactus Regular,Mj_Titr Cactus,2000-Iran-Fonts-www.P30Day.com.rar (Mj.Mojtaba.Kia.ttf-png),"unknown (P30Day collection, terms not verified)",49fc767e569489d63cba3f3896aea041ed4237cdf827cddbdde653102c06de0d
Mj_Titr_Collage.ttf,Mj_Titr Collage Regular,Mj_Titr Collage,2000-Iran-Fonts-www.P30Day.com.rar (Mj.Mojtaba.Kia.ttf-png),"unknown (P30Day collection, terms not verified)",d1492ed3626e4e667c9505ce20122590e8fb2dc1f5ec142af5da9bf521d58c13
Mj_Titr_Cow.ttf,Mj_Titr Cow Regular,Mj_Titr Cow,2000-Iran-Fonts-www.P30Day.com.rar (Mj.Mojtaba.Kia.ttf-png),"unknown (P30Day collection, terms not verified)",17b1240b8b2f975c608a62f8bbad9ca8576cb09565d4792db3140bb7a1ccf98a
Mj_Titr_DF.ttf,Mj_Titr DF Regular,Mj_Titr DF,2000-Iran-Fonts-www.P30Day.com.rar (Mj.Mojtaba.Kia.ttf-png),"unknown (P30Day collection, terms not verified)",cc0cb5fa48bb70249cac898e50b6b6817bdddbdaf1950c972b097460fe8034be
Mj_Titr_Outline.ttf,Mj_Titr Outline Regular,Mj_Titr Outline,2000-Iran-Fonts-www.P30Day.com.rar (Mj.Mojtaba.Kia.ttf-png),"unknown (P30Day collection, terms not verified)",f966e91fe74ae05b981e8dae995d643a56b44d56939aac512d0c4d598be3763b
Mj_Titr_Particle.ttf,Mj_Titr Particle Regular,Mj_Titr Particle,2000-Iran-Fonts-www.P30Day.com.rar (Mj.Mojtaba.Kia.ttf-png),"unknown (P30Day collection, terms not verified)",fd13c9ab50cbb0f37895ed5c9c76347142fb8eed43bb2a091144d90d754821f3
Mj_Titr_Stripe_R.ttf,Mj_Titr Stripe R Regular,Mj_Titr Stripe R,2000-Iran-Fonts-www.P30Day.com.rar (Mj.Mojtaba.Kia.ttf-png),"unknown (P30Day collection, terms not verified)",efb0d24f98cfe74bd5ea46dc3b02ddefbdcd8ab4bb8fa94c96235036a0f8a475
Mj_Titr_Stripe.ttf,Mj_Titr Stripe Regular,Mj_Titr Stripe,2000-Iran-Fonts-www.P30Day.com.rar (Mj.Mojtaba.Kia.ttf-png),"unknown (P30Day collection, terms not verified)",07e578d171beb0fd50e49e16fd6c9c9cc8cc3654e69d017f3aadfa5786c1cd82
Mj_Tunisia_Bd.ttf,Mj_Tunisia Bold Regular,Mj_Tunisia,2000-Iran-Fonts-www.P30Day.com.rar (Mj.Mojtaba.Kia.ttf-png),"unknown (P30Day collection, terms not verified)",2f09e4f81bf9dab0f4fb7699d3a6c3fb7a6d5e70e1cf1066e7feac18567e9e30
Mj_Tunisia_Lt.ttf,Mj_Tunisia Lt Regular,Mj_Tunisia Lt,2000-Iran-Fonts-www.P30Day.com.rar (Mj.Mojtaba.Kia.ttf-png),"unknown (P30Day collection, terms not verified)",b02e4e138636aa1211dc495432735b6d351385d90e2671c81cb200fb7b632a16
Mj_Tunisia.ttf,Mj_Tunisia Regular,Mj_Tunisia,2000-Iran-Fonts-www.P30Day.com.rar (Mj.Mojtaba.Kia.ttf-png),"unknown (P30Day collection, terms not verified)",38769bc2289f147cf35e296fa2f1039b28905723ba248db290ed174e72f17671
Mj_Two_Bold.ttf,Mj_Two Bold Bold,Mj_Two,2000-Iran-Fonts-www.P30Day.com.rar (Mj.Mojtaba.Kia.ttf-png),"unknown (P30Day collection, terms not verified)",4893fd809a0a85f23e008587f61825f3306a24dee856ceb18f335ca71a5f294d
Mj_Two_Light.ttf,Mj_Two Light Regular,Mj_Two,2000-Iran-Fonts-www.P30Day.com.rar (Mj.Mojtaba.Kia.ttf-png),"unknown (P30Day collection, terms not verified)",43b2d40fb1568bf3e6d8796064572d61e8e0509d5c9184df8be79ec5395af684
Mj_Two_Medium.ttf,Mj_Two Medium Bold,Mj_Two,2000-Iran-Fonts-www.P30Day.com.rar (Mj.Mojtaba.Kia.ttf-png),"unknown (P30Day collection, terms not verified)",767530bd7b7d2dd4c4e81066a2e8f4719438abb5af685c2e42325bbe6546379b
Mj_Tye_Bold.ttf,Mj_Tye Bold Regular,Mj_Tye,2000-Iran-Fonts-www.P30Day.com.rar (Mj.Mojtaba.Kia.ttf-png),"unknown (P30Day collection, terms not verified)",9a4e36b6db3fae4bdeca4fbee1a867d6f2d34e3c46c240e1f7dbf06cc76db82f
Mj_Tye.ttf,Mj_Tye Regular,Mj_Tye,2000-Iran-Fonts-www.P30Day.com.rar (Mj.Mojtaba.Kia.ttf-png),"unknown (P30Day collection, terms not verified)",c9eb9deae2783740b7bd6a1b503d1c9ed41cf9b92d432e19a08c864dfd4c6762
Mj_Typographer_Bd.ttf,Mj_Typographer Bold Bold,Mj_Typographer,2000-Iran-Fonts-www.P30Day.com.rar (Mj.Mojtaba.Kia.ttf-png),"unknown (P30Day collection, terms not verified)",c3b08f9cb07e33dc6472e2fae7a9ed7fe7792b49d12144c2b3ffe2ea54bcdd3c
Mj_Typographer_Book.ttf,Mj_Typographer Book Regular,Mj_Typographer,2000-Iran-Fonts-www.P30Day.com.rar (Mj.Mojtaba.Kia.ttf-png),"unknown (P30Day collection, terms not verified)",4348ce62e0675427e54e01de864f94a98b7bb84593ad3b5c175c779af77174db
Mj_Typographer_Heavy.ttf,Mj_Typographer Heavy Bold,Mj_Typographer,2000-Iran-Fonts-www.P30Day.com.rar (Mj.Mojtaba.Kia.ttf-png),"unknown (P30Day collection, terms not verified)",c9cd0e034685a3c0b26ef52011d3f12f63f1b4609a08d08320f411271a3b6e37
Mj_Typographer.ttf,Mj_Typographer Regular,Mj_Typographer,2000-Iran-Fonts-www.P30Day.com.rar (Mj.Mojtaba.Kia.ttf-png),"unknown (P30Day collection, terms not verified)",c4142c0b71efafef64a4481cfaa05f90c580d46d7eb3bb97149d8cf34fb9ca2b
Mj_Unique_Bold_Expanded.ttf,Mj_Unique Bold Expanded Bold,Mj_Unique Bold Expanded,2000-Iran-Fonts-www.P30Day.com.rar (Mj.Mojtaba.Kia.ttf-png),"unknown (P30Day collection, terms not verified)",4198bbabeb7269fdf23ae4406ce9e2cca1b840b682916117b59ce2ffc1c16e5d
Mj_Unique_Bold.ttf,Mj_Unique Bold Bold,Mj_Unique,2000-Iran-Fonts-www.P30Day.com.rar (Mj.Mojtaba.Kia.ttf-png),"unknown (P30Day collection, terms not verified)",c919d4f292411ceece103910c19651dd430d20f67cd9a9d1a120d2d66243156a
Mj_Unique_Light.ttf,Mj_Unique Light Regular,Mj_Unique,2000-Iran-Fonts-www.P30Day.com.rar (Mj.Mojtaba.Kia.ttf-png),"unknown (P30Day collection, terms not verified)",b5da167d51df9ebe153449dbb70fec2b552652139a2ab9bc932988a692ac7463
Mj_Vafa.ttf,Mj_Vafa Regular,Mj_Vafa,2000-Iran-Fonts-www.P30Day.com.rar (Mj.Mojtaba.Kia.ttf-png),"unknown (P30Day collection, terms not verified)",7e1a2bc5f41cf11f2d391f63a6314af8cdf751501f17211b06e7bb03bbc03d23
Mj_Vanilla_Ultra_Light.ttf,Mj_Vanilla Ultra Light Regular,Mj_Vanilla,2000-Iran-Fonts-www.P30Day.com.rar (Mj.Mojtaba.Kia.ttf-png),"unknown (P30Day collection, terms not verified)",e28c9423091a8a035fa24688593ca224a4414703239beb51b758aef0d7080d21
Mj_Vanilla.ttf,Mj_Vanilla Bold,Mj_Vanilla,2000-Iran-Fonts-www.P30Day.com.rar (Mj.Mojtaba.Kia.ttf-png),"unknown (P30Day collection, terms not verified)",6cfb037c74f83cd0564f20d7d3f5996613370e065dd0d950e4fdd2a4c6d46d44
Mj_Wafi.ttf,Mj_Wafi Regular,Mj_Wafi,2000-Iran-Fonts-www.P30Day.com.rar (Mj.Mojtaba.Kia.ttf-png),"unknown (P30Day collection, terms not verified)",943aeeb1ae5a897d436db2326dc04063bad22076ce6df81a9ad86c5031af1892
Mj_Wide_Extra_Italic.ttf,Mj_Wide Extra Italic Bold,Mj_Wide Extra,2000-Iran-Fonts-www.P30Day.com.rar (Mj.Mojtaba.Kia.ttf-png),"unknown (P30Day collection, terms not verified)",2d3ce226f94c4f643b5884bb56468d51e1e3ba3f64e7950fb83f78fc37257cdf
Mj_Wide_Extra.ttf,Mj_Wide Extra Bold,Mj_Wide Extra,2000-Iran-Fonts-www.P30Day.com.rar (Mj.Mojtaba.Kia.ttf-png),"unknown (P30Day collection, terms not verified)",f92875b41e610c7a1a0b130b2f11e36999acad5e2ce49fc3b117999981bb4979
Mj_Wood.ttf,Mj_Wood Regular,Mj_Wood,2000-Iran-Fonts-www.P30Day.com.rar (Mj.Mojtaba.Kia.ttf-png),"unknown (P30Day collection, terms not verified)",f063f2ba6c1d722b5443ff787c8c5ab416c274b72154289e8c28b8355ec99619
Mj_Yalda.ttf,Mj_Yalda Bold,Mj_Yalda,2000-Iran-Fonts-www.P30Day.com.rar (Mj.Mojtaba.Kia.ttf-png),"unknown (P30Day collection, terms not verified)",c8a8f7af13f0ffa15190891d57e5a01cea730a4f9ebcef98ea3f25275259d63d
Mj_Zobeir.ttf,Mj_Zobeir Regular,Mj_Zobeir,2000-Iran-Fonts-www.P30Day.com.rar (Mj.Mojtaba.Kia.ttf-png),"unknown (P30Day collection, terms not verified)",9352a8aae1fcd5a9c58ece839f0dfd9f641ff8e9a04a4a18884b61df4954fa9f
Mj_Zohal.ttf,Mj_Zohal Bold,Mj_Zohal,2000-Iran-Fonts-www.P30Day.com.rar (Mj.Mojtaba.Kia.ttf-png),"unknown (P30Day collection, terms not verified)",2232d3ab688eeb4a978ac02b1a3921c98aa8a633828d257244be2ce12dee1cd6
Mj_Zoheir.ttf,Mj_Zoheir Regular,Mj_Zoheir,2000-Iran-Fonts-www.P30Day.com.rar (Mj.Mojtaba.Kia.ttf-png),"unknown (P30Day collection, terms not verified)",47f70d1ba79f5246b232b6e3aee130662a6972c014a9d85fb269d6a08af6c69f
Mj_colors'.ttf,Mj_colors' Bold,Mj_colors',2000-Iran-Fonts-www.P30Day.com.rar (Mj.Mojtaba.Kia.ttf-png),"unknown (P30Day collection, terms not verified)",d376af95500b6e5dc100451844708ebf7e3a58bf04a4c36d0ce557a21f705292
pHalls_Digital.ttf,pHalls Digital Regular,pHalls Digital,2000-Iran-Fonts-www.P30Day.com.rar (PHalls.Persian.Halls.ttf-png),"unknown (P30Day collection, terms not verified)",f54ecb054d2fc54ea14e9e59b5d8913a13dd25d56335218405f2028065f3eb31
pHalls_Kamand.ttf,pHalls Kamand Regular,pHalls Kamand,2000-Iran-Fonts-www.P30Day.com.rar (PHalls.Persian.Halls.ttf-png),"unknown (P30Day collection, terms not verified)",e849fbdc5456558d7a70e0c758d154fd997bb0c44fe615e05f8a661b985b670a
pHalls_Tannaz.ttf,pHalls Tannaz Regular,pHalls Tannaz,2000-Iran-Fonts-www.P30Day.com.rar (PHalls.Persian.Halls.ttf-png),"unknown (P30Day collection, terms not verified)",e233a3578915f17c6e1b187d0adc0de79c39919bf5d5d5bcaed1e9e983eaefda
X_Andalus_Italic.ttf,X Andalus Italic,X Andalus,2000-Iran-Fonts-www.P30Day.com.rar (Persian.Font.For.Mac),"unknown (P30Day collection, terms not verified)",58208a0c7268fc460e756ad28e744b28f5d16875a0aac04d75ab7423aec8165c
X_Andalus.ttf,X Andalus Regular,X Andalus,2000-Iran-Fonts-www.P30Day.com.rar (Persian.Font.For.Mac),"unknown (P30Day collection, terms not verified)",5523ed07339895f03cb9e3576cb37b595204a09f8b2e0f981d0b03d12135d964
X_Arabic_Italic.ttf,X Arabic Italic,X Arabic,2000-Iran-Fonts-www.P30Day.com.rar (Persian.Font.For.Mac),"unknown (P30Day collection, terms not verified)",03ddc9db25734782acb18c9373e0cb2a5150d26cbfeed0b0e94d17617c6743bc
X_Arabic.ttf,X Arabic Regular,X Arabic,2000-Iran-Fonts-www.P30Day.com.rar (Persian.Font.For.Mac),"unknown (P30Day collection, terms not verified)",4f32e22978597b752b300dde238b9446a2be8dde1de7c06d28d382cc45ab9e87
X_Arash_Italic.ttf,X Arash Italic,X Arash,2000-Iran-Fonts-www.P30Day.com.rar (Persian.Font.For.Mac),"unknown (P30Day collection, terms not verified)",ab2e5c9df23947058eabb296abb2f36c74a34cecadb4c908722193179fb6f6e1
X_Arash.ttf,X Arash Regular,X Arash,2000-Iran-Fonts-www.P30Day.com.rar (Persian.Font.For.Mac),"unknown (P30Day collection, terms not verified)",0ce26eb2eb4b574d92ce50e4b2fe5d55607b08be49d7b3837ca90094a11ae1da
X_Aria_Italic.ttf,X Aria Italic,X Aria,2000-Iran-Fonts-www.P30Day.com.rar (Persian.Font.For.Mac),"unknown (P30Day collection, terms not verified)",a08633e11077b69e7e6815a5a633f758c770e33f6fbedf89054618aaf6699f83
X_Aria.ttf,X Aria Regular,X Aria,2000-Iran-Fonts-www.P30Day.com.rar (Persian.Font.For.Mac),"unknown (P30Day collection, terms not verified)",d034ded4a20d421071ca5b4d08ceb39444504b0778a17ffe41ada485eebd0643
X_Arshia_Italic.ttf,X Arshia Italic,X Arshia,2000-Iran-Fonts-www.P30Day.com.rar (Persian.Font.For.Mac),"unknown (P30Day collection, terms not verified)",a571bf0d353299caf0fa4b9fc322b91fa6c3dd15e0aa31900c5dc8d8852b6442
X_Arshia.ttf,X Arshia Regular,X Arshia,2000-Iran-Fonts-www.P30Day.com.rar (Persian.Font.For.Mac),"unknown (P30Day collection, terms not verified)",f58690d214402e3f0971a9b200c4ac0252217eba16288d3a50da5c9ea9ce51e7
X_Babak_Bold_Italic.ttf,X Babak Bold Italic,X Babak,2000-Iran-Fonts-www.P30Day.com.rar (Persian.Font.For.Mac),"unknown (P30Day collection, terms not verified)",dae02c54ac4faf9f6d226f817fde3a52f6d5bd31118f0e54b6d618634c0ca35c
X_Babak_Bold.ttf,X Babak Bold,X Babak,2000-Iran-Fonts-www.P30Day.com.rar (Persian.Font.For.Mac),"unknown (P30Day collection, terms not verified)",02f32d576b3f81061330133ee0cfd40f8cad980d2e1fac07b1f7ef40d1047772
X_Babak_Italic.ttf,X Babak Italic,X Babak,2000-Iran-Fonts-www.P30Day.com.rar (Persian.Font.For.Mac),"unknown (P30Day collection, terms not verified)",393bc5ebbfc96d695069fe12eec82f93451afed6055be9ba112f9ca1b75c65c9
X_Babak.ttf,X Babak Regular,X Babak,2000-Iran-Fonts-www.P30Day.com.rar (Persian.Font.For.Mac),"unknown (P30Day collection, terms not verified)",fac033a2c13e0bb96a1ffb0959dc4f433bd3115a9e62c82b997e5fe1693db960
X_Badr_Bold_Italic.ttf,X Badr Bold Italic,X Badr,2000-Iran-Fonts-www.P30Day.com.rar (Persian.Font.For.Mac),"unknown (P30Day collection, terms not verified)",e29adeed4c238a62251a6d657a0661a313b3b40099bf2e2f3eba8767b93de29c
X_Badr_Bold.ttf,X Badr Bold,X Badr,2000-Iran-Fonts-www.P30Day.com.rar (Persian.Font.For.Mac),"unknown (P30Day collection, terms not verified)",391df3767063ef4a57f163e681d341f779e168653779b51c66f166321bba977a
X_Badr_Italic.ttf,X Badr Italic,X Badr,2000-Iran-Fonts-www.P30Day.com.rar (Persian.Font.For.Mac),"unknown (P30Day collection, terms not verified)",0424a52770c100862b32e6a4cc995cd7e45c9867ffd90b92ec4b6037e0af5a53
X_Badr.ttf,X Badr Regular,X Badr,2000-Iran-Fonts-www.P30Day.com.rar (Persian.Font.For.Mac),"unknown (P30Day collection, terms not verified)",1d939260165cec1524bf5fa9c931c8e8038da54775b9d1f5fe821434aea89056
X_Bam_Bold_Italic.ttf,X Bam Bold Italic,X Bam,2000-Iran-Fonts-www.P30Day.com.rar (Persian.Font.For.Mac),"unknown (P30Day collection, terms not verified)",de3c3b7f330de1762835c163bf967f32f9d296eae23645bfc02856edf2f268ef
X_Bam_Bold.ttf,X Bam Bold,X Bam,2000-Iran-Fonts-www.P30Day.com.rar (Persian.Font.For.Mac),"unknown (P30Day collection, terms not verified)",7528aff384295879fb5022138d4cb4d82ba097e7d5626aec01ba9c0bcc5fdfda
X_Bam_Italic.ttf,X Bam Italic,X Bam,2000-Iran-Fonts-www.P30Day.com.rar (Persian.Font.For.Mac),"unknown (P30Day collection, terms not verified)",98c6b2f23ff635a928737ace17465a8cf0772b5f80afef26bf6b2bd8d1f7f439
X_Bam.ttf,X Bam Regular,X Bam,2000-Iran-Fonts-www.P30Day.com.rar (Persian.Font.For.Mac),"unknown (P30Day collection, terms not verified)",68fdfad3b983d7f5dc427cf6a5b79ad1000e10f56af6e1c6701def2aa6de7e7c
X_Bijan_Bold_Italic.ttf,X Bijan Bold Italic,X Bijan,2000-Iran-Fonts-www.P30Day.com.rar (Persian.Font.For.Mac),"unknown (P30Day collection, terms not verified)",2a72645af9c4ddf52ca95f2aaa25d1c66203ced3e065e04cf6d0337d7d50495d
X_Bijan_Bold.ttf,X Bijan Bold,X Bijan,2000-Iran-Fonts-www.P30Day.com.rar (Persian.Font.For.Mac),"unknown (P30Day collection, terms not verified)",15317a6b1c0d2e8fd43440e43e0c5091a65010b2cd0c391b2d59db94b727c3a7
X_Bijan_Italic.ttf,X Bijan Italic,X Bijan,2000-Iran-Fonts-www.P30Day.com.rar (Persian.Font.For.Mac),"unknown (P30Day collection, terms not verified)",90aaed2311beaade8fe218447884227bf808cc89b3d10fa8ac9275e4b857f18a
X_Bijan.ttf,X Bijan Regular,X Bijan,2000-Iran-Fonts-www.P30Day.com.rar (Persian.Font.For.Mac),"unknown (P30Day collection, terms not verified)",59a4e093d6336ec41be91ac175ed363a3ec1d06894ec23c3603387e635110795
X_Compset_Bold_Italic.ttf,X Compset Bold Italic,X Compset,2000-Iran-Fonts-www.P30Day.com.rar (Persian.Font.For.Mac),"unknown (P30Day collection, terms not verified)",5f98ccff8c23c7cf44a4dd7decd4ea9ab103e5fda0f5e7a5c462f2289d2ce6b0
X_Compset_Bold.ttf,X Compset Bold,X Compset,2000-Iran-Fonts-www.P30Day.com.rar (Persian.Font.For.Mac),"unknown (P30Day collection, terms not verified)",898f2d7deac06f507b865206654976f0580c815402477d6cecd73e85ae39d4c8
X_Davat_Italic.ttf,X Davat Italic,X Davat,2000-Iran-Fonts-www.P30Day.com.rar (Persian.Font.For.Mac),"unknown (P30Day collection, terms not verified)",78ddc51476c1bf03999a1acc5f1514a21b2d21f09735160f77eba790ce47469e
X_Davat.ttf,X Davat Regular,X Davat,2000-Iran-Fonts-www.P30Day.com.rar (Persian.Font.For.Mac),"unknown (P30Day collection, terms not verified)",e879d96a80a54600e0ab63203002e50d30c45f7e0b5c4d3a29e54369b26e5310
X_Dorosht_Italic.ttf,X Dorosht Italic,X Dorosht,2000-Iran-Fonts-www.P30Day.com.rar (Persian.Font.For.Mac),"unknown (P30Day collection, terms not verified)",594146b37c07501a697ae88ab24db4ded963bcd2d80dd490449e2225a772def7
X_Dorosht.ttf,X Dorosht Regular,X Dorosht,2000-Iran-Fonts-www.P30Day.com.rar (Persian.Font.For.Mac),"unknown (P30Day collection, terms not verified)",c4089156faf8e11cc0ea292443e28397106957cd8c838bc182b2117a0ea077cf
X_Elham_Italic.ttf,X Elham Italic,X Elham,2000-Iran-Fonts-www.P30Day.com.rar (Persian.Font.For.Mac),"unknown (P30Day collection, terms not verified)",2c8c22affcf37d7ad33f73e8dd10ad361126a4157336c042879d1af8ac843619
X_Elham.ttf,X Elham Regular,X Elham,2000-Iran-Fonts-www.P30Day.com.rar (Persian.Font.For.Mac),"unknown (P30Day collection, terms not verified)",23713aadb292841e8e460059132c1c52ea181d661b8116c4280f14aec07a22a3
X_Esfehan_Bold_Italic.ttf,X Esfehan Bold Italic,X Esfehan,2000-Iran-Fonts-www.P30Day.com.rar (Persian.Font.For.Mac),"unknown (P30Day collection, terms not verified)",17212c8822ac7bee53132b223b3d160df9a999430b7c3e1acc8be2d59ac8b1f1
X_Esfehan_Bold.ttf,X Esfehan Bold,X Esfehan,2000-Iran-Fonts-www.P30Day.com.rar (Persian.Font.For.Mac),"unknown (P30Day collection, terms not verified)",de1c7f8c52792d1480bfda8865f6a101fb3f5013be83438860d2324b38291cdc
X_Fantasy_Italic.ttf,X Fantasy Italic,X Fantasy,2000-Iran-Fonts-www.P30Day.com.rar (Persian.Font.For.Mac),"unknown (P30Day collection, terms not verified)",efdfe2748c313a9d27dad9265e1da9a967c2ef55ac22aba3106898c0be2d73f8
X_Fantasy.ttf,X Fantasy Regular,X Fantasy,2000-Iran-Fonts-www.P30Day.com.rar (Persian.Font.For.Mac),"unknown (P30Day collection, terms not verified)",2bd6fcbc59869acee337c1828bfaa8f58a4bba446512e125bd8827ab50e29d2c
X_Farnaz_Italic.ttf,X Farnaz Italic,X Farnaz,2000-Iran-Fonts-www.P30Day.com.rar (Persian.Font.For.Mac),"unknown (P30Day collection, terms not verified)",30b0e4bfb614e0784fa510cc939a369e946cd5b25c2b87e5402b2da26350bb1d
X_Farnaz.ttf,X Farnaz Regular,X Farnaz,2000-Iran-Fonts-www.P30Day.com.rar (Persian.Font.For.Mac),"unknown (P30Day collection, terms not verified)",cc9d161f36c770d44140b9409b2f3f6cb5dfda2571b76f2ee2c965d01be22391
X_Farsi_Italic.ttf,X Farsi Italic,X Farsi,2000-Iran-Fonts-www.P30Day.com.rar (Persian.Font.For.Mac),"unknown (P30Day collection, terms not verified)",464a110c6db5130e8149a4302633d5f082b4e526649a93424fe100ef798cdac5
X_Farsi.ttf,X Farsi Regular,X Farsi,2000-Iran-Fonts-www.P30Day.com.rar (Persian.Font.For.Mac),"unknown (P30Day collection, terms not verified)",3b0cb7daa403e13f9a81529b92a37d9611a40452f63a966790cf0d9bd5046281
X_Ferdosi_Italic.ttf,X Ferdosi Italic,X Ferdosi,2000-Iran-Fonts-www.P30Day.com.rar (Persian.Font.For.Mac),"unknown (P30Day collection, terms not verified)",f1cb9bdd20913df36857a193b6798dbab48adba326c6676bab9d1bd0cf3c94ac
X_Ferdosi.ttf,X Ferdosi Regular,X Ferdosi,2000-Iran-Fonts-www.P30Day.com.rar (Persian.Font.For.Mac),"unknown (P30Day collection, terms not verified)",2587854ce686c726ff7e0bc20841934e993023d395cffcf6564a5a0f846a1baa
X_Forouzan_Italic.ttf,X Forouzan Italic,X Forouzan,2000-Iran-Fonts-www.P30Day.com.rar (Persian.Font.For.Mac),"unknown (P30Day collection, terms not verified)",4d4aca7700c032b42f61bd4c37065b97839a7ad56315aafaa0cfab80cb89c30f
X_Forouzan.ttf,X Forouzan Regular,X Forouzan,2000-Iran-Fonts-www.P30Day.com.rar (Persian.Font.For.Mac),"unknown (P30Day collection, terms not verified)",4cc07e7557ef88a64188d2da51432a9f7dbd1e6766d3bd2a2132b89869cb14c9
X_Gity_Italic.ttf,X Gity Italic,X Gity,2000-Iran-Fonts-www.P30Day.com.rar (Persian.Font.For.Mac),"unknown (P30Day collection, terms not verified)",bda47a6e3d16dcc260da413daaf655a6413850aa5308244d0ce4353b807e7b83
X_Gity.ttf,X Gity Regular,X Gity,2000-Iran-Fonts-www.P30Day.com.rar (Persian.Font.For.Mac),"unknown (P30Day collection, terms not verified)",a0542bfbbcbf42651395283b89fe895b5963678cbdcf5d3bbf4f23e31e5867ba
X_Homa_Italic.ttf,X Homa Italic,X Homa,2000-Iran-Fonts-www.P30Day.com.rar (Persian.Font.For.Mac),"unknown (P30Day collection, terms not verified)",a156fc5993d95fec2ddca9b54ddb61352e2e36461291ff8d97a7b9656a8c2d33
X_Homa.ttf,X Homa Regular,X Homa,2000-Iran-Fonts-www.P30Day.com.rar (Persian.Font.For.Mac),"unknown (P30Day collection, terms not verified)",a2ac7bd97d2ce4348b010dcd970066701b4bf322f00f4099d9adb6947b761386
X_Jadid_Bold_Italic.ttf,X Jadid Bold Italic,X Jadid,2000-Iran-Fonts-www.P30Day.com.rar (Persian.Font.For.Mac),"unknown (P30Day collection, terms not verified)",e8505d17f8a79aa96bd5c66b7ffbab50c57d48d056c5d91cfd7606c56d1c749d
X_Jadid_Bold.ttf,X Jadid Bold,X Jadid,2000-Iran-Fonts-www.P30Day.com.rar (Persian.Font.For.Mac),"unknown (P30Day collection, terms not verified)",fd5ce30502fe23ec4214b8786be0edc5a9a7e1434d61ca0d735be26c49899866
X_Jalal_Bold_Italic.ttf,X Jalal Bold Italic,X Jalal,2000-Iran-Fonts-www.P30Day.com.rar (Persian.Font.For.Mac),"unknown (P30Day collection, terms not verified)",bcf2734ed063fa0db705618de4d3b7863a279a599611742fb40e86ca7e0511a7
X_Jalal_Bold.ttf,X Jalal Bold,X Jalal,2000-Iran-Fonts-www.P30Day.com.rar (Persian.Font.For.Mac),"unknown (P30Day collection, terms not verified)",9bfca5486966a7c80fe9da81117b63f5af939769f1d4f7cf0bee3938446a1909
X_Jalal_Italic.ttf,X Jalal Italic,X Jalal,2000-Iran-Fonts-www.P30Day.com.rar (Persian.Font.For.Mac),"unknown (P30Day collection, terms not verified)",1e73a81f084aa8b8a98f85f833b2b894d2e90d39613d63edf3255126a951a65c
X_Jalal.ttf,X Jalal Regular,X Jalal,2000-Iran-Fonts-www.P30Day.com.rar (Persian.Font.For.Mac),"unknown (P30Day collection, terms not verified)",ad627dcea8d6410799fcbc610e24c5befe987d308fe381f31632cfc86e000120
X_Johar_Italic.ttf,X Johar Italic,X Johar,2000-Iran-Fonts-www.P30Day.com.rar (Persian.Font.For.Mac),"unknown (P30Day collection, terms not verified)",42a03b96efc23edc903d9e6f0f708afe987c34d374b4056e74e2bc86fbd1c7f6
X_Johar.ttf,X Johar Regular,X Johar,2000-Iran-Fonts-www.P30Day.com.rar (Persian.Font.For.Mac),"unknown (P30Day collection, terms not verified)",3262de0c431c1cd5729ad9817311755e9b3a95e18fa5adf85301389675b4138a
X_Kamran_Bold_Italic.ttf,X Kamran Bold Italic,X Kamran,2000-Iran-Fonts-www.P30Day.com.rar (Persian.Font.For.Mac),"unknown (P30Day collection, terms not verified)",1b84c1b92e53674eddb4e15c435708b6cc2e47b4e9ade989c1a2083b4c3be74e
X_Kamran_Bold.ttf,X Kamran Bold,X Kamran,2000-Iran-Fonts-www.P30Day.com.rar (Persian.Font.For.Mac),"unknown (P30Day collection, terms not verified)",f42e653e8c0714329aee3d518ddba44ac04d1945d89e64c53fed84e27250ee0e
X_Kamran_Italic.ttf,X Kamran Italic,X Kamran,2000-Iran-Fonts-www.P30Day.com.rar (Persian.Font.For.Mac),"unknown (P30Day collection, terms not verified)",e8b89fa7645e322b6ec91107e163106a286a7c83d3c3b4d235201a5d4d9bad4c
X_Kamran_Outline.ttf,X Kamran Outline,X Kamran,2000-Iran-Fonts-www.P30Day.com.rar (Persian.Font.For.Mac),"unknown (P30Day collection, terms not verified)",21204ad8e7d405990a7def4761f79a57bd394102ee675535cb1a4931524c9a37
X_Kamran.ttf,X Kamran Regular,X Kamran,2000-Iran-Fonts-www.P30Day.com.rar (Persian.Font.For.Mac),"unknown (P30Day collection, terms not verified)",d9b112e218dc6d92a0a8e1f51e1d3b5fe9d2300ef10ea46acb30a604854b2318
X_Kaveh_Italic.ttf,X Kaveh Italic,X Kaveh,2000-Iran-Fonts-www.P30Day.com.rar (Persian.Font.For.Mac),"unknown (P30Day collection, terms not verified)",b29a63d6aad9415261a9714ee23835d823739b01d4076f2e51e670219e311211
X_Kaveh.ttf,X Kaveh Regular,X Kaveh,2000-Iran-Fonts-www.P30Day.com.rar (Persian.Font.For.Mac),"unknown (P30Day collection, terms not verified)",36d731f46dab8afad81217809ce31775ae840ca569d84c842e9a450fedcb2b35
X_Kerman_Bold_Italic.ttf,X Kerman Bold Italic,X Kerman,2000-Iran-Fonts-www.P30Day.com.rar (Persian.Font.For.Mac),"unknown (P30Day collection, terms not verified)",d430f7c5c828596180f2837b4c1c4d8f928aafc8d2357f7d5b9edf0aba1134d1
X_Kerman_Bold.ttf,X Kerman Bold,X Kerman,2000-Iran-Fonts-www.P30Day.com.rar (Persian.Font.For.Mac),"unknown (P30Day collection, terms not verified)",b2c3d43c3ef0436e9dec9a06f30e88701c5939d7bdae2b321a1ee0d80d970923
X_Kerman_Italic.ttf,X Kerman Italic,X Kerman,2000-Iran-Fonts-www.P30Day.com.rar (Persian.Font.For.Mac),"unknown (P30Day collection, terms not verified)",236e0ce25105df233c9c2f69edec95d65feea4a5457aa25f20d9b7160b37e22a
X_Kerman.ttf,X Kerman Regular,X Kerman,2000-Iran-Fonts-www.P30Day.com.rar (Persian.Font.For.Mac),"unknown (P30Day collection, terms not verified)",66aa23089e3743add35689485af8fc12c2cda2d06b2fc3385fd0a636624aaa2c
X_Khorsheed_Italic.ttf,X Khorsheed Italic,X Khorsheed,2000-Iran-Fonts-www.P30Day.com.rar (Persian.Font.For.Mac),"unknown (P30Day collection, terms not verified)",c50a654a905402b19b3126571926c5f4718ded586433284f9ad0b0f6e960550e
X_Khorsheed.ttf,X Khorsheed Regular,X Khorsheed,2000-Iran-Fonts-www.P30Day.com.rar (Persian.Font.For.Mac),"unknown (P30Day collection, terms not verified)",e183abe5c4e2f578e5ab2f47e746f439627e6d7bea321a19fc773963bc49a29c
X_Koodak_Italic.ttf,X Koodak Italic,X Koodak,2000-Iran-Fonts-www.P30Day.com.rar (Persian.Font.For.Mac),"unknown (P30Day collection, terms not verified)",b13d8b270c5f05bc178d50cedb227506c6059d552a164537f74c94cc6906a565
X_Koodak_Outline.ttf,X Koodak Outline,X Koodak,2000-Iran-Fonts-www.P30Day.com.rar (Persian.Font.For.Mac),"unknown (P30Day collection, terms not verified)",227061f39fb66bc46b1206277745ec2849fc749761fb0a9741714fb09292eb2a
X_Koodak.ttf,X Koodak Regular,X Koodak,2000-Iran-Fonts-www.P30Day.com.rar (Persian.Font.For.Mac),"unknown (P30Day collection, terms not verified)",bc349f362c55eb583d42ec15c74c4fd952e1914818424741aca46688b5c7ebb9
X_Kufi_Italic.ttf,X Kufi Italic,X Kufi,2000-Iran-Fonts-www.P30Day.com.rar (Persian.Font.For.Mac),"unknown (P30Day collection, terms not verified)",5bfc8a4495eefc7961f83d9139987b5cf353547a5cd7dd561c54611aac75b746
X_Kufi_Outline.ttf,X Kufi Outline,X Kufi,2000-Iran-Fonts-www.P30Day.com.rar (Persian.Font.For.Mac),"unknown (P30Day collection, terms not verified)",f519381c618435d2d546711bf3a0b0c751d0158f6a63cd89bf2eef651afec1bb
X_Kufi.ttf,X Kufi Regular,X Kufi,2000-Iran-Fonts-www.P30Day.com.rar (Persian.Font.For.Mac),"unknown (P30Day collection, terms not verified)",3411bf4d44db991043aa009718c6e6f2b4467fd0254d2f6c41adce27fc2dbdf3
X_Mahsa_Italic.ttf,X Mahsa Italic,X Mahsa,2000-Iran-Fonts-www.P30Day.com.rar (Persian.Font.For.Mac),"unknown (P30Day collection, terms not verified)",5dce292eee56be7ee81831b8cf744a4f9e9c4bfeaf22536d4a4793e58369354f
X_Mahsa.ttf,X Mahsa Regular,X Mahsa,2000-Iran-Fonts-www.P30Day.com.rar (Persian.Font.For.Mac),"unknown (P30Day collection, terms not verified)",402a956365b1b4f70902cd0026c228c0a0c7f91a87115f685770a39dcddcffbd
X_Majid_Shadow.ttf,X Majid Shadow,X Majid,2000-Iran-Fonts-www.P30Day.com.rar (Persian.Font.For.Mac),"unknown (P30Day collection, terms not verified)",e9fade248d7794743ae4d4fd8c4546305e72d18e82d9b4d4c095b7403e568a87
X_Mashgh_Italic.ttf,X Mashgh Italic,X Mashgh,2000-Iran-Fonts-www.P30Day.com.rar (Persian.Font.For.Mac),"unknown (P30Day collection, terms not verified)",ab8d067078268cace539a423b499c5b3b6f32d2c76f3db856a9f308e0eefeeaf
X_Mashgh.ttf,X Mashgh Regular,X Mashgh,2000-Iran-Fonts-www.P30Day.com.rar (Persian.Font.For.Mac),"unknown (P30Day collection, terms not verified)",df8486402504421b71f95cc074400cfb0e67f6ff45bdd4ee5249f4fcf4fddc39
X_Mitra_Bold_Italic.ttf,X Mitra Bold Italic,X Mitra,2000-Iran-Fonts-www.P30Day.com.rar (Persian.Font.For.Mac),"unknown (P30Day collection, terms not verified)",8987548856be00312092821eee14ca6e7d1ae5460cc0e68e91ee730b370955fa
X_Mitra_Bold.ttf,X Mitra Bold,X Mitra,2000-Iran-Fonts-www.P30Day.com.rar (Persian.Font.For.Mac),"unknown (P30Day collection, terms not verified)",0a1802920b302cbaf39349780c4d5b452970b60600b9710f6cb880ed052fd380
X_Mitra_Italic.ttf,X Mitra Italic,X Mitra,2000-Iran-Fonts-www.P30Day.com.rar (Persian.Font.For.Mac),"unknown (P30Day collection, terms not verified)",690606b43a966aef7df8367fc778eb52679071924730f31587190b6bd15cb171
X_Mitra.ttf,X Mitra Regular,X Mitra,2000-Iran-Fonts-www.P30Day.com.rar (Persian.Font.For.Mac),"unknown (P30Day collection, terms not verified)",730e1cd65b611563b71d1bf19ce0f87a239246626b4d80b1ae33cf03b5fe4743
X_Moj_Italic.ttf,X Moj Italic,X Moj,2000-Iran-Fonts-www.P30Day.com.rar (Persian.Font.For.Mac),"unknown (P30Day collection, terms not verified)",65bdd09a07c5ab00515a80ab3acd30dd06294419e648518a516f52a6952ad6b2
X_Moj.ttf,X Moj Regular,X Moj,2000-Iran-Fonts-www.P30Day.com.rar (Persian.Font.For.Mac),"unknown (P30Day collection, terms not verified)",9c705f86c7df2fdf9d4fc6b1a90f74494e649fe12305cd6078bc7bf47356fe28
X_Morvarid_Italic.ttf,X Morvarid Italic,X Morvarid,2000-Iran-Fonts-www.P30Day.com.rar (Persian.Font.For.Mac),"unknown (P30Day collection, terms not verified)",a75a1002ef2da351c5e79146b1fa2d41d49b886306d24649545ccaf94ff2945e
X_Morvarid.ttf,X Morvarid Regular,X Morvarid,2000-Iran-Fonts-www.P30Day.com.rar (Persian.Font.For.Mac),"unknown (P30Day collection, terms not verified)",76048ef04233ab0d9cab0e828a0cb160d20157d6df4ffc7a1af93d608658d1bc
X_Nahid_Bold_Italic.ttf,X Nahid Bold Italic,X Nahid,2000-Iran-Fonts-www.P30Day.com.rar (Persian.Font.For.Mac),"unknown (P30Day collection, terms not verified)",b79e810fd2cd939ac563ee6db00be91693175b16f2d38542f8ba5cf985a8d134
X_Nahid_Bold.ttf,X Nahid Bold,X Nahid,2000-Iran-Fonts-www.P30Day.com.rar (Persian.Font.For.Mac),"unknown (P30Day collection, terms not verified)",e870317b2f4cc388d6e5159e05a64ac565bfef403a2b520c46af2ac23ef5dfeb
X_Nahid_Italic.ttf,X Nahid Italic,X Nahid,2000-Iran-Fonts-www.P30Day.com.rar (Persian.Font.For.Mac),"unknown (P30Day collection, terms not verified)",8fc95ca2576320868cb131bdd99fc7f0d1a31127f96d4e28b7af966c61b77890
X_Nahid.ttf,X Nahid Regular,X Nahid,2000-Iran-Fonts-www.P30Day.com.rar (Persian.Font.For.Mac),"unknown (P30Day collection, terms not verified)",69332fe77e47b5635a5add5ed27b3faa623a95672fd85052c313b0cca4fa5666
X_Narm_Italic.ttf,X Narm Italic,X Narm,2000-Iran-Fonts-www.P30Day.com.rar (Persian.Font.For.Mac),"unknown (P30Day collection, terms not verified)",d836bb15d61b0701016b5447b9bddc43242260cf4974e6f583b863ce3f0e133c
X_Narm.ttf,X Narm Regular,X Narm,2000-Iran-Fonts-www.P30Day.com.rar (Persian.Font.For.Mac),"unknown (P30Day collection, terms not verified)",67fd00a8876b94a4ab8bb168a78c870b0e6ba80a4b20f3dc42caf09aa3e712a8
X_Naskh_Bold_Italic.ttf,X Naskh Bold Italic,X Naskh,2000-Iran-Fonts-www.P30Day.com.rar (Persian.Font.For.Mac),"unknown (P30Day collection, terms not verified)",54ac3dabe85ef92d9c2604a4b443b7a698e613c1c3ece48d2583905938f4de03
X_Naskh_Bold.ttf,X Naskh Bold,X Naskh,2000-Iran-Fonts-www.P30Day.com.rar (Persian.Font.For.Mac),"unknown (P30Day collection, terms not verified)",393c09dc4df71bcc987bc5800645de419d1e549b44beeb034d26ffadcef56e70
X_Naskh_Italic.ttf,X Naskh Italic,X Naskh,2000-Iran-Fonts-www.P30Day.com.rar (Persian.Font.For.Mac),"unknown (P30Day collection, terms not verified)",b7418dc60cfde4f6c0282a8619240321a2aa21d455a3eae9cf0c19622b99825b
X_Naskh.ttf,X Naskh Regular,X Naskh,2000-Iran-Fonts-www.P30Day.com.rar (Persian.Font.For.Mac),"unknown (P30Day collection, terms not verified)",f2a8bdfebb0b3979fc4702b9a00b93cbbdd351867017e2c2c4079d1a39b3a7b1
X_Nazanin_Bold_Italic.ttf,X Nazanin Bold Italic,X Nazanin,2000-Iran-Fonts-www.P30Day.com.rar (Persian.Font.For.Mac),"unknown (P30Day collection, terms not verified)",f9fc4b0ce5790f635bf88bc7fc8cd46964f8fe73bda37f0f8820db431237a124
X_Nazanin_Bold.ttf,X Nazanin Bold,X Nazanin,2000-Iran-Fonts-www.P30Day.com.rar (Persian.Font.For.Mac),"unknown (P30Day collection, terms not verified)",7c721280bc999607ce16fbd7824ef1000a71f03b4b16e28a395c155f3d446938
X_Nazanin_Italic.ttf,X Nazanin Italic,X Nazanin,2000-Iran-Fonts-www.P30Day.com.rar (Persian.Font.For.Mac),"unknown (P30Day collection, terms not verified)",42a87acd48662593bf581f48e717ea71b37b822209434fa4ea8cdf0a9a1493bb
X_Nazanin_Outline.ttf,X Nazanin Outline,X Nazanin,2000-Iran-Fonts-www.P30Day.com.rar (Persian.Font.For.Mac),"unknown (P30Day collection, terms not verified)",1729286481e035cb50a83b4616922c1dc455c4c2b661a81a648ad78e79410ab6
X_Nazanin.ttf,X Nazanin Regular,X Nazanin,2000-Iran-Fonts-www.P30Day.com.rar (Persian.Font.For.Mac),"unknown (P30Day collection, terms not verified)",470d6c58270f5a2b3715c9bf52dc3ec3df5648da6e1e972a46aa34d2541f39b3
X_Nima_Italic.ttf,X Nima Italic,X Nima,2000-Iran-Fonts-www.P30Day.com.rar (Persian.Font.For.Mac),"unknown (P30Day collection, terms not verified)",70e96152cefc1fa750868362dd1d236042d54737e1d1ae6c03b06964a9ec8af1
X_Nima.ttf,X Nima Regular,X Nima,2000-Iran-Fonts-www.P30Day.com.rar (Persian.Font.For.Mac),"unknown (P30Day collection, terms not verified)",67fc0f4f0f8c0e64e250e646c29db78cc5a9d2fd1bf49eba5de69fb387237dd4
X_Nimrooz_Italic.ttf,X Nimrooz ItalicR,X Nimrooz,2000-Iran-Fonts-www.P30Day.com.rar (Persian.Font.For.Mac),"unknown (P30Day collection, terms not verified)",27d34aaee19e43fb6f671f2173e053e2b81442e7492486bc4fd691d1ace41958
X_Nimrooz.ttf,X Nimrooz Regular,X Nimrooz,2000-Iran-Fonts-www.P30Day.com.rar (Persian.Font.For.Mac),"unknown (P30Day collection, terms not verified)",c5978663154babcbf3a8121eb8a5fb4b8dadb2a3cbd877476d0b9b08cb172c24
X_Paatch_Bold_Italic.ttf,X Paatch Bold Italic,X Paatch,2000-Iran-Fonts-www.P30Day.com.rar (Persian.Font.For.Mac),"unknown (P30Day collection, terms not verified)",8cba05d659da0628bb00c98cae8ac2d44d73949f7f8e5e1c9f948a9b029e3ffb
X_Paatch_Bold.ttf,X Paatch Bold,X Paatch,2000-Iran-Fonts-www.P30Day.com.rar (Persian.Font.For.Mac),"unknown (P30Day collection, terms not verified)",ed446627952244ee08d23bc45334a2338a46b32f90c27642d05e1582a7f024d4
X_Paatch_Italic.ttf,X Paatch Italic,X Paatch,2000-Iran-Fonts-www.P30Day.com.rar (Persian.Font.For.Mac),"unknown (P30Day collection, terms not verified)",3c2fd60f650de58bd568b074eb520b3b89a8d89fd79bbea37f360e6a2d3815d8
X_Paatch.ttf,X Paatch Regular,X Paatch,2000-Iran-Fonts-www.P30Day.com.rar (Persian.Font.For.Mac),"unknown (P30Day collection, terms not verified)",cbcca81af76cd92f6a6c1cdd87c3a35cb1163353978862d26bf0c022f6f57a3d
X_Persian_Italic.ttf,X Persian Italic,X Persian,2000-Iran-Fonts-www.P30Day.com.rar (Persian.Font.For.Mac),"unknown (P30Day collection, terms not verified)",3d2d72d8f00212d97e98ebc14b4e224f5bc9c58e71ad3105067ff4623f76b3d2
X_Persian.ttf,X Persian Regular,X Persian,2000-Iran-Fonts-www.P30Day.com.rar (Persian.Font.For.Mac),"unknown (P30Day collection, terms not verified)",fcba83431311df354368578a781eb83b1de21e5a85a0c4c492b482333d60f1a3
X_Roya_Bold_Italic.ttf,X Roya Bold Italic,X Roya,2000-Iran-Fonts-www.P30Day.com.rar (Persian.Font.For.Mac),"unknown (P30Day collection, terms not verified)",63651d40ba923eb8a714cf8cb944da9eb96cdbbb2be723a7cd82c967dc75faf8
X_Roya_Bold.ttf,X Roya Bold,X Roya,2000-Iran-Fonts-www.P30Day.com.rar (Persian.Font.For.Mac),"unknown (P30Day collection, terms not verified)",60954acc9217723be2100f051fb00b45638c834a25892c9ca951fe9ff5b69fbe
X_Roya_Italic.ttf,X Roya Italic,X Roya,2000-Iran-Fonts-www.P30Day.com.rar (Persian.Font.For.Mac),"unknown (P30Day collection, terms not verified)",d51d6fef7de985a75ffe219ba0dc9c263eea67d6f5b27a269c37c9f59eabdd06
X_Roya.ttf,X Roya Regular,X Roya,2000-Iran-Fonts-www.P30Day.com.rar (Persian.Font.For.Mac),"unknown (P30Day collection, terms not verified)",c2c82267dbca63f58aef783408b75587d2d6d6f0e7363eb9702e11eb4e48dab7
X_Sahra_Italic.ttf,X Sahra Italic,X Sahra,2000-Iran-Fonts-www.P30Day.com.rar (Persian.Font.For.Mac),"unknown (P30Day collection, terms not verified)",fb98063201c9f4e1c3970be181eadb038573066492cd30b08f52ce460a544dd9
X_Sahra.ttf,X Sahra Regular,X Sahra,2000-Iran-Fonts-www.P30Day.com.rar (Persian.Font.For.Mac),"unknown (P30Day collection, terms not verified)",5f258b90acb97b97c08d8f855d5dea28fa81486ea38bf6148722b8b6e79b5c92
X_Shafigh_Italic.ttf,X Shafigh Italic,X Shafigh,2000-Iran-Fonts-www.P30Day.com.rar (Persian.Font.For.Mac),"unknown (P30Day collection, terms not verified)",797a62d2076a7697ee086dfeff2adbfd9c65d21b51639888789e780bced80b5f
X_Shafigh.ttf,X Shafigh Regular,X Shafigh,2000-Iran-Fonts-www.P30Day.com.rar (Persian.Font.For.Mac),"unknown (P30Day collection, terms not verified)",b6e6be007151abb4457c457b439875ef93d288fdae95863489f7c924943db8ba
X_Shiraz_Bold_Italic.ttf,X Shiraz Bold Italic,X Shiraz,2000-Iran-Fonts-www.P30Day.com.rar (Persian.Font.For.Mac),"unknown (P30Day collection, terms not verified)",32aeb638561828739af6272ebc9b8dfcfac4ae497ab00857ef09a2556837d005
X_Shiraz_Bold.ttf,X Shiraz Bold,X Shiraz,2000-Iran-Fonts-www.P30Day.com.rar (Persian.Font.For.Mac),"unknown (P30Day collection, terms not verified)",e6e2e2368f4720d2caf523083c3f3b06f2a7e09101c37a8412972be075645a74
X_Shiraz_Italic.ttf,X Shiraz Italic,X Shiraz,2000-Iran-Fonts-www.P30Day.com.rar (Persian.Font.For.Mac),"unknown (P30Day collection, terms not verified)",9ac1e7dd7e5d9fba0032b5a37bb4e76d7b2e93d1f58a0034127272a08b61d525
X_Shiraz.ttf,X Shiraz Regular,X Shiraz,2000-Iran-Fonts-www.P30Day.com.rar (Persian.Font.For.Mac),"unknown (P30Day collection, terms not verified)",8fd359ef117d55ab5efa8ae9c6cf76280e1a567e3914494ce00b40a99cbb593a
X_Simin_Italic.ttf,X Simin Italic,X Simin,2000-Iran-Fonts-www.P30Day.com.rar (Persian.Font.For.Mac),"unknown (P30Day collection, terms not verified)",12611a6a13d00faa3990fad1820a47844570f282baf33a2a3a53befdf96d1c31
X_Simin.ttf,X Simin Regular,X Simin,2000-Iran-Fonts-www.P30Day.com.rar (Persian.Font.For.Mac),"unknown (P30Day collection, terms not verified)",2bfef24e29a10f7a31a9c934ee9dc1ea5e6fb8dc2b457b77559bd51dffb60938
X_Sina_Bold_Italic.ttf,X Sina Bold Italic,X Sina,2000-Iran-Fonts-www.P30Day.com.rar (Persian.Font.For.Mac),"unknown (P30Day collection, terms not verified)",3fc28d1309ff7ad06d92866c46d7833b9ae7af22042f5fa273e4b305f8d4ff55
X_Sina_Bold.ttf,X Sina Bold,X Sina,2000-Iran-Fonts-www.P30Day.com.rar (Persian.Font.For.Mac),"unknown (P30Day collection, terms not verified)",54614baca88d5bedef1a1237867dc8197b0463a86258b6b29c5aa0cac802163e
X_Sousan_Italic.ttf,X Sousan Italic,X Sousan,2000-Iran-Fonts-www.P30Day.com.rar (Persian.Font.For.Mac),"unknown (P30Day collection, terms not verified)",c451e331759af19376edb6213bb3712bdb309e14bf2cbbd31f55df10bcd55e0e
X_Sousan.ttf,X Sousan Regular,X Sousan,2000-Iran-Fonts-www.P30Day.com.rar (Persian.Font.For.Mac),"unknown (P30Day collection, terms not verified)",94708bb980e35416730b80657443682016c64948776381b8609f94226e616704
X_Tabassom_Italic.ttf,X Tabassom Italic,X Tabassom,2000-Iran-Fonts-www.P30Day.com.rar (Persian.Font.For.Mac),"unknown (P30Day collection, terms not verified)",ed20653666e47ea9228ccc3e47cb9790381c4cc98f9f1c96c5641a072ed61635
X_Tabassom.ttf,X Tabassom Regular,X Tabassom,2000-Iran-Fonts-www.P30Day.com.rar (Persian.Font.For.Mac),"unknown (P30Day collection, terms not verified)",598345cd8077fe97a40a60a92af83a9c57397ef4f785af53571ad6e43fee1854
X_Tawfig_Outline.ttf,X Tawfig Outline,X Tawfig,2000-Iran-Fonts-www.P30Day.com.rar (Persian.Font.For.Mac),"unknown (P30Day collection, terms not verified)",941b9eab3bf2b4f14a53832b508d4785f97ecf697e345422025a7fd7b6614400
X_Termeh_Italic.ttf,X Termeh Italic,X Termeh,2000-Iran-Fonts-www.P30Day.com.rar (Persian.Font.For.Mac),"unknown (P30Day collection, terms not verified)",188c749f46c9a77cf1efe124a65f11fe42c0248e6b41fff1026824b865ad88b1
X_Termeh.ttf,X Termeh Regular,X Termeh,2000-Iran-Fonts-www.P30Day.com.rar (Persian.Font.For.Mac),"unknown (P30Day collection, terms not verified)",0de08cc0c655000fd14175bfc013ff0ef70f028a4db31fdc027ad36f64d758f1
X_Thulth_Italic.ttf,X Thulth Italic,X Thulth,2000-Iran-Fonts-www.P30Day.com.rar (Persian.Font.For.Mac),"unknown (P30Day collection, terms not verified)",eba31c4aeffc30af0e898ad3919350e4f848a9a78074b5208bf46646e5562167
X_Thulth.ttf,X Thulth Regular,X Thulth,2000-Iran-Fonts-www.P30Day.com.rar (Persian.Font.For.Mac),"unknown (P30Day collection, terms not verified)",f1949bc3cc2fef15ed044bf4b1efcfd0241e3470a58d0190fc2bb5cbd9861d22
X_Tir_Italic.ttf,X Tir Italic,X Tir,2000-Iran-Fonts-www.P30Day.com.rar (Persian.Font.For.Mac),"unknown (P30Day collection, terms not verified)",dd8d24498f7b28c880ea559b53c6878b9d738549b44960cee8b07d8f14b37b94
X_Tir.ttf,X Tir Regular,X Tir,2000-Iran-Fonts-www.P30Day.com.rar (Persian.Font.For.Mac),"unknown (P30Day collection, terms not verified)",f4e84e741bf0f875d16e485025bde6b434f6eec9a9233b2fb71a6d43fe32fe50
X_Titre_Italic.ttf,X Titre Italic,X Titre,2000-Iran-Fonts-www.P30Day.com.rar (Persian.Font.For.Mac),"unknown (P30Day collection, terms not verified)",080306c341630b3b6482c25be90624115109ff118fd5993418ca703d5cec9766
X_Titre.ttf,X Titre Regular,X Titre,2000-Iran-Fonts-www.P30Day.com.rar (Persian.Font.For.Mac),"unknown (P30Day collection, terms not verified)",edfd3a7cd42a06a0e1d49a6222f0fc25a50e9bd9f8db5e666272e851bc619c94
X_Traffic_Bold_Italic.ttf,X Traffic Bold Italic,X Traffic,2000-Iran-Fonts-www.P30Day.com.rar (Persian.Font.For.Mac),"unknown (P30Day collection, terms not verified)",94e77e76290a1fbc14989a0b1a3e8094605402a09ef6d3aee458d5297644ae99
X_Traffic_Bold.ttf,X Traffic Bold,X Traffic,2000-Iran-Fonts-www.P30Day.com.rar (Persian.Font.For.Mac),"unknown (P30Day collection, terms not verified)",cefcf5a50d4d2353e061a4e952004676042fea945380e57fa426de491f23d0a4
X_Traffic_Italic.ttf,X Traffic Italic,X Traffic,2000-Iran-Fonts-www.P30Day.com.rar (Persian.Font.For.Mac),"unknown (P30Day collection, terms not verified)",47cbb76a9603f12714974e792a68dd1879b07fd1731bc7b0cf2818b01f67af4c
X_Traffic.ttf,X Traffic Regular,X Traffic,2000-Iran-Fonts-www.P30Day.com.rar (Persian.Font.For.Mac),"unknown (P30Day collection, terms not verified)",6919cabc63a7464b095a2a12e0b1fc4072f43a80d1e8c7516b2f872c14ace64c
X_Vahid_Italic.ttf,X Vahid Italic,X Vahid,2000-Iran-Fonts-www.P30Day.com.rar (Persian.Font.For.Mac),"unknown (P30Day collection, terms not verified)",d45f482f00fa25e7412795005b53d4085e59b44265873942cc2db09b2cfab604
X_Vahid.ttf,X Vahid Regular,X Vahid,2000-Iran-Fonts-www.P30Day.com.rar (Persian.Font.For.Mac),"unknown (P30Day collection, terms not verified)",2cda5c7f739e784d75f3781ef49ff8adb72804474b2e686c83f3ad504ceec606
X_Vosta_Italic.ttf,X Vosta Italic,X Vosta,2000-Iran-Fonts-www.P30Day.com.rar (Persian.Font.For.Mac),"unknown (P30Day collection, terms not verified)",1eab7d58d177221afea4bc15736d616dca1977cfdabb0c1de0f5b6bbc968529d
X_Vosta.ttf,X Vosta Regular,X Vosta,2000-Iran-Fonts-www.P30Day.com.rar (Persian.Font.For.Mac),"unknown (P30Day collection, terms not verified)",89dd7218f48c03960351dc194e532612e82c737b6a2544760784d5282a03783c
X_Yagut_Bold_Italic.ttf,X Yagut Bold Italic,X Yagut,2000-Iran-Fonts-www.P30Day.com.rar (Persian.Font.For.Mac),"unknown (P30Day collection, terms not verified)",0fe19b77975d491c7174d3330c92495702e7018f7d56cbad338bee6f0d110f98
X_Yagut_Bold.ttf,X Yagut Bold,X Yagut,2000-Iran-Fonts-www.P30Day.com.rar (Persian.Font.For.Mac),"unknown (P30Day collection, terms not verified)",be59e752b0bb7237d622b70b92c751862544901b5c6efc607b8c016d18592f34
X_Yagut_Italic.ttf,X Yagut Italic,X Yagut,2000-Iran-Fonts-www.P30Day.com.rar (Persian.Font.For.Mac),"unknown (P30Day collection, terms not verified)",d990acf2c9f45d9fb9f46af548b48d57ce19536e40eae0ca61a8c8b46296bd4e
X_Yagut.ttf,X Yagut Regular,X Yagut,2000-Iran-Fonts-www.P30Day.com.rar (Persian.Font.For.Mac),"unknown (P30Day collection, terms not verified)",0307bcf334a4d2e641587cf13b4764beb2c1d1dbad106c8c1e64110121f15f2e
X_Yas_Bold_Italic.ttf,X Yas Bold Italic,X Yas,2000-Iran-Fonts-www.P30Day.com.rar (Persian.Font.For.Mac),"unknown (P30Day collection, terms not verified)",fc63a14cdcb4324e35823dcf6dbfa654eb97d54f31bf6a60140a126be88f9b4a
X_Yas_Bold.ttf,X Yas Bold,X Yas,2000-Iran-Fonts-www.P30Day.com.rar (Persian.Font.For.Mac),"unknown (P30Day collection, terms not verified)",ac7b29f4a80b74717f2e25cb96ad475fb53c1441c8de9bcecd9beda9ac0fdf68
X_Yas_Italic.ttf,X Yas Italic,X Yas,2000-Iran-Fonts-www.P30Day.com.rar (Persian.Font.For.Mac),"unknown (P30Day collection, terms not verified)",a293eb5a4e5c1ea2783adf6c8c59896ecf4c8bb82b4577bc9637801b47f06f2e
X_Yas.ttf,X Yas Regular,X Yas,2000-Iran-Fonts-www.P30Day.com.rar (Persian.Font.For.Mac),"unknown (P30Day collection, terms not verified)",e190863263441a17a1c03a40b836b861e3636dde52452ed79a9fa954ff1d3839
X_Yekan_Italic.ttf,X Yekan Italic,X Yekan,2000-Iran-Fonts-www.P30Day.com.rar (Persian.Font.For.Mac),"unknown (P30Day collection, terms not verified)",38dbf0259c60790970acba7f208fd2c305c636ab2c21f17d2cdb2618c0715826
X_Yekan.ttf,X Yekan Regular,X Yekan,2000-Iran-Fonts-www.P30Day.com.rar (Persian.Font.For.Mac),"unknown (P30Day collection, terms not verified)",cf44fb05558b68a3dac354d46d21435a48998db6ed811f518d4d3566b073a070
X_Zar_Bold_Italic.ttf,X Zar Bold Italic,X Zar,2000-Iran-Fonts-www.P30Day.com.rar (Persian.Font.For.Mac),"unknown (P30Day collection, terms not verified)",af006a8aa0bd1df80a6f01c62e9632d5d0f9c54caa1519dd3e3f8b5426448865
X_Zar_Bold.ttf,X Zar Bold,X Zar,2000-Iran-Fonts-www.P30Day.com.rar (Persian.Font.For.Mac),"unknown (P30Day collection, terms not verified)",bd3d0790fac27db5c68aeb02e5b1c30c7c5b3d845dd7b3c34b5dae4c57bf64fd
X_Zar_Italic.ttf,X Zar Italic,X Zar,2000-Iran-Fonts-www.P30Day.com.rar (Persian.Font.For.Mac),"unknown (P30Day collection, terms not verified)",d8c2a38ac882889798ea423115b3eadc49990a82f30fddcedd33b1da6c1e2974
X_Zar.ttf,X Zar Regular,X Zar,2000-Iran-Fonts-www.P30Day.com.rar (Persian.Font.For.Mac),"unknown (P30Day collection, terms not verified)",2b19e08bd53a91c28f183c4a39880489f2786e27d2616e3e847f2d24da2454b1
X_Ziba_Italic.ttf,X Ziba Italic,X Ziba,2000-Iran-Fonts-www.P30Day.com.rar (Persian.Font.For.Mac),"unknown (P30Day collection, terms not verified)",f8595b7b7b732cce000df912e53dd287ff360ec05f210af01721d11e15e2ef05
X_Ziba.ttf,X Ziba Regular,X Ziba,2000-Iran-Fonts-www.P30Day.com.rar (Persian.Font.For.Mac),"unknown (P30Day collection, terms not verified)",75fa4615d1f04cb4efc70841a029f825d160908340f70e7eed1989626f185e3e
Aban_Bold.ttf,Aban Bold Regular,Aban,2000-Iran-Fonts-www.P30Day.com.rar (Persian.Soft.ttf-png),"unknown (P30Day collection, terms not verified)",a7dfbf3b910ba343d087e0470452843662921d872409bcff396520d1c47185e4
Aban_Light.ttf,Aban Light Regular,Aban,2000-Iran-Fonts-www.P30Day.com.rar (Persian.Soft.ttf-png),"unknown (P30Day collection, terms not verified)",65b5301c99f54d8a2a383197a343a39f737b0346f2ff54797790fc3c1e9a204d
Aban.ttf,Aban Regular,Aban,2000-Iran-Fonts-www.P30Day.com.rar (Persian.Soft.ttf-png),"unknown (P30Day collection, terms not verified)",7cba5eb34c5d13078db1740f5635475529f6c200c798b5d7ac7746533f2601ce
Afra_Light.ttf,Afra Light Regular,Afra,2000-Iran-Fonts-www.P30Day.com.rar (Persian.Soft.ttf-png),"unknown (P30Day collection, terms not verified)",f2c4edced3e4d47a5211daa3718de70219cd4a9327195a0130db5f00aefb3a48
Afra.ttf,Afra Regular,Afra,2000-Iran-Fonts-www.P30Day.com.rar (Persian.Soft.ttf-png),"unknown (P30Day collection, terms not verified)",4c133d623c5624cbc222c43904a9a405989ceac58b994dfbfb8798d621a1bf19
Arash.ttf,Arash Regular,Arash,2000-Iran-Fonts-www.P30Day.com.rar (Persian.Soft.ttf-png),"unknown (P30Day collection, terms not verified)",72f06463b4062e4c4c2fe264bf72c4d85df00d1d02e30a307dd45acd5531c3d8
Azin.ttf,Azin Regular,Azin,2000-Iran-Fonts-www.P30Day.com.rar (Persian.Soft.ttf-png),"unknown (P30Day collection, terms not verified)",e010147f535729fa59d7b3385589d955bc12d5c5b94a1ca1be17e010c80101c3
Azita.ttf,Azita Normal,Azita,2000-Iran-Fonts-www.P30Day.com.rar (Persian.Soft.ttf-png),"unknown (P30Day collection, terms not verified)",0beb765031305bdb8020ad763e71554b5bfdfa7bc288b1e58257687e4dbc8960
Diwani.ttf,Diwani Regular,Diwani,2000-Iran-Fonts-www.P30Day.com.rar (Persian.Soft.ttf-png),"unknown (P30Day collection, terms not verified)",718a76fadd2a24416165a514c3dd7616db28ee0996a0494dda7ade9b70f90bbc
ELLA.ttf,ELLA Normal,ELLA,2000-Iran-Fonts-www.P30Day.com.rar (Persian.Soft.ttf-png),"unknown (P30Day collection, terms not verified)",16972c3dc4412e52286ae66732ca64ba07d32a67e2402598afbe47578332239b
Fantezy_Normal.ttf,Fantezy Normal,Fantezy,2000-Iran-Fonts-www.P30Day.com.rar (Persian.Soft.ttf-png),"unknown (P30Day collection, terms not verified)",68ee596cc8aaa8652774bc9b65de1cb0da03dedcb32059642389ad34255d975c
Hoda_Bold.ttf,Hoda Bold Regular,Hoda,2000-Iran-Fonts-www.P30Day.com.rar (Persian.Soft.ttf-png),"unknown (P30Day collection, terms not verified)",91c1b21f71bc957b75aabf51783409dbef275aa069b19791b8684f6a14a834cc
Hoda_Light.ttf,Hoda Light Regular,Hoda,2000-Iran-Fonts-www.P30Day.com.rar (Persian.Soft.ttf-png),"unknown (P30Day collection, terms not verified)",087cb483d3f1da627cf9a92ca5e46ec81c777101e169a80d5470f5fc077a24cc
Hoda.ttf,Hoda Regular,Hoda,2000-Iran-Fonts-www.P30Day.com.rar (Persian.Soft.ttf-png),"unknown (P30Day collection, terms not verified)",5f67084a30b28c55ba9bdbd9b5e4535d4cf43c8aeddf7598510e4b4e1411f163
Husseini.ttf,Husseini Regular,Husseini,2000-Iran-Fonts-www.P30Day.com.rar (Persian.Soft.ttf-png),"unknown (P30Day collection, terms not verified)",2120f8eedddd5e6ba622059e620b5e6600c2e45d002f874b05f243c8553655dd
Isfahan.ttf,Isfahan Regular,Isfahan,2000-Iran-Fonts-www.P30Day.com.rar (Persian.Soft.ttf-png),"unknown (P30Day collection, terms not verified)",b6c6956f7be4d5b76cccebcaaf9ffba7f7fdac2f0a0f52012603a0d5330bc7a6
KOODAK_O.ttf,KOODAKO Normal,KOODAKO,2000-Iran-Fonts-www.P30Day.com.rar (Persian.Soft.ttf-png),"unknown (P30Day collection, terms not verified)",c9d3681c46800fe420f9bf791d8056a1864681f3e768ceb3df9e070327407508
KOODAK.ttf,KOODAK Normal,KOODAK,2000-Iran-Fonts-www.P30Day.com.rar (Persian.Soft.ttf-png),"unknown (P30Day collection, terms not verified)",6bddd0cda04e86a11e96257ef1aac316a24a6845d35e1a6f26d2ca139a87b26c
Kokab.ttf,Kokab Regular,Kokab,2000-Iran-Fonts-www.P30Day.com.rar (Persian.Soft.ttf-png),"unknown (P30Day collection, terms not verified)",5e25cb668094f7f1dbc977eebca6aabc21489d3d85c6a1aed0f46b8465e6a629
Laleh.ttf,Laleh Regular,Laleh,2000-Iran-Fonts-www.P30Day.com.rar (Persian.Soft.ttf-png),"unknown (P30Day collection, terms not verified)",96207b18e8b8a2b5fa829e137e055b6e3208e0348527b789806c627ad93f59e8
MILADO.ttf,Milad Out Normal,Milad Out,2000-Iran-Fonts-www.P30Day.com.rar (Persian.Soft.ttf-png),"unknown (P30Day collection, terms not verified)",e42917f5c9e69f09041d54ee69444a82580e31c60d161823427683fd691efd71
Majid_Shodow_Normal.ttf,Majid Shadow Normal,Majid Shadow,2000-Iran-Fonts-www.P30Day.com.rar (Persian.Soft.ttf-png),"unknown (P30Day collection, terms not verified)",c8d2f517044bb323ddfb974886fa683f947416a989d01e64d955fb7fdda5a8ee
Maryam.ttf,Maryam Regular,Maryam,2000-Iran-Fonts-www.P30Day.com.rar (Persian.Soft.ttf-png),"unknown (P30Day collection, terms not verified)",7d20321ab659aa6f8b8f642e67a4b204281a2270cbce1a60da512eef15296dab
Mashad.ttf,Mashad Regular,Mashad,2000-Iran-Fonts-www.P30Day.com.rar (Persian.Soft.ttf-png),"unknown (P30Day collection, terms not verified)",d64fbb26413d4b83c6844ea53b6a44b558b5111253813ca75e82163bd82fd453
Mehr.ttf,Mehr Bold,Mehr,2000-Iran-Fonts-www.P30Day.com.rar (Persian.Soft.ttf-png),"unknown (P30Day collection, terms not verified)",ecb607bb20932f919dff3379df1f5f065591deb7b37042c2b35c109ef78baa23
Mina_Extra_Light.ttf,Mina Extra Light Regular,Mina,2000-Iran-Fonts-www.P30Day.com.rar (Persian.Soft.ttf-png),"unknown (P30Day collection, terms not verified)",3a0706bed56791cc24b112b1d2b61ae962b0a642ee5d4c621a744d06432bb244
Mina_Light.ttf,Mina Light Regular,Mina,2000-Iran-Fonts-www.P30Day.com.rar (Persian.Soft.ttf-png),"unknown (P30Day collection, terms not verified)",143fbffb2cf7f93191a1143985470b5393db4fa401c265fce318d05dcf912c59
Nadeem.ttf,Nadeem Regular,Nadeem,2000-Iran-Fonts-www.P30Day.com.rar (Persian.Soft.ttf-png),"unknown (P30Day collection, terms not verified)",780126da273ac38e6b178dd25685985d781001ac9fdb1cbffa0c60675eb3cd54
Nadi.ttf,Nadi Normal,Nadi,2000-Iran-Fonts-www.P30Day.com.rar (Persian.Soft.ttf-png),"unknown (P30Day collection, terms not verified)",6cf768dfe06b92bc9b377ba3b73b5ebe86ed224828b4d9560deaabf0b2be2b71
Narges.ttf,Narges Regular,Narges,2000-Iran-Fonts-www.P30Day.com.rar (Persian.Soft.ttf-png),"unknown (P30Day collection, terms not verified)",74ba53e5f3bad41c90e1a223b4c45cb0f335366943cbd9f6661f3f899b782183
Nasim_Bold.ttf,Nasim Bold,Nasim,2000-Iran-Fonts-www.P30Day.com.rar (Persian.Soft.ttf-png),"unknown (P30Day collection, terms not verified)",5bcbd5e93aec2f6a40ac734afd5c845d3910790c5d2b08c6c99bc70354e1f471
Nasm.ttf,Nasim Regular,Nasim,2000-Iran-Fonts-www.P30Day.com.rar (Persian.Soft.ttf-png),"unknown (P30Day collection, terms not verified)",b55e3c3c21abc02579ee764c061be16c10a4557a32b523d36ad88ff707aa102c
Nazi.ttf,Nazi Regular,Nazi,2000-Iran-Fonts-www.P30Day.com.rar (Persian.Soft.ttf-png),"unknown (P30Day collection, terms not verified)",4747f9193580232b6f42fc5ebb7ba02fb40f536bdb09121123d0320fa2821fc7
Niloofar.ttf,Niloofar Regular,Niloofar,2000-Iran-Fonts-www.P30Day.com.rar (Persian.Soft.ttf-png),"unknown (P30Day collection, terms not verified)",5dbb2842f8de4016c42bbd8d93e457b03edc0c4b3c43646595940a3039d5b3a6
Ramsar_Light.ttf,Ramsar Light Regular,Ramsar,2000-Iran-Fonts-www.P30Day.com.rar (Persian.Soft.ttf-png),"unknown (P30Day collection, terms not verified)",7e151fa79d8448bf9e2515ff38eb1faa390c351f39a24cbacce17f81ba643b04
Ramsar.ttf,Ramsar Regular,Ramsar,2000-Iran-Fonts-www.P30Day.com.rar (Persian.Soft.ttf-png),"unknown (P30Day collection, terms not verified)",56db9d9c3c073f3ce35b1ea433b0ac8584d030dbaa8830177488bed8b3f4d40d
Rose_Light.ttf,Rose Light Regular,Rose,2000-Iran-Fonts-www.P30Day.com.rar (Persian.Soft.ttf-png),"unknown (P30Day collection, terms not verified)",b22a5011ffca1280ab969de90dccfb8604dc793e2fd92c46c25ecd651e01636b
Saba_Bold.ttf,Saba Bold Regular,Saba,2000-Iran-Fonts-www.P30Day.com.rar (Persian.Soft.ttf-png),"unknown (P30Day collection, terms not verified)",ef8f47d9b9761cfad5781c8a2b04fd5dd2c1ae5588e62a2222e0929252f25d4e
Saba.ttf,Saba Regular,Saba,2000-Iran-Fonts-www.P30Day.com.rar (Persian.Soft.ttf-png),"unknown (P30Day collection, terms not verified)",aa143449f495709eda1befcfc27243299785e28884bb86f6698b262b3684323b
Sabal.ttf,Saba Light Regular,Saba,2000-Iran-Fonts-www.P30Day.com.rar (Persian.Soft.ttf-png),"unknown (P30Day collection, terms not verified)",d4998f380977e7d2a4cbf380856547d99e1d1511afd1ac8e044c1933c64eb820
Samira.ttf,samira Regular,samira,2000-Iran-Fonts-www.P30Day.com.rar (Persian.Soft.ttf-png),"unknown (P30Day collection, terms not verified)",ba338a3905b0a209474de828dfe1cbe96845f172cafd7bffb393f481b47093d5
Sara.ttf,Sara Regular,Sara,2000-Iran-Fonts-www.P30Day.com.rar (Persian.Soft.ttf-png),"unknown (P30Day collection, terms not verified)",1f888f4ab4179c5c8cc51b3efe35ee6325da02b8bfbfad3f50814ee55bb01f3b
Shekoofeh.ttf,Shekoofeh Regular,Shekoofeh,2000-Iran-Fonts-www.P30Day.com.rar (Persian.Soft.ttf-png),"unknown (P30Day collection, terms not verified)",46c701c9e077c2e0dbd21509fe061616ad31eb9fd0a9ca9015d964c55d1bf61f
Tehran.ttf,Tehran Regular,Tehran,2000-Iran-Fonts-www.P30Day.com.rar (Persian.Soft.ttf-png),"unknown (P30Day collection, terms not verified)",fc6c8b2ca9b87942402420f6d20c3d8af24db6a7296b14768a215931c7800465
Titr.ttf,Titr Regular,Titr,2000-Iran-Fonts-www.P30Day.com.rar (Persian.Soft.ttf-png),"unknown (P30Day collection, terms not verified)",564cab94183e5f4f622b5df1c6a3cba272c9b96540399a90de7279f9bbcfd052
Traffic_Bold.ttf,Traffic Bold Regular,Traffic,2000-Iran-Fonts-www.P30Day.com.rar (Persian.Soft.ttf-png),"unknown (P30Day collection, terms not verified)",4a285a2182e5d4c22d31649a4f30d92fd1c7a0ae7eea8b5766675ac7df02c3ae
Traffic_Light.ttf,Traffic Light Regular,Traffic,2000-Iran-Fonts-www.P30Day.com.rar (Persian.Soft.ttf-png),"unknown (P30Day collection, terms not verified)",520059df3104b36845927ab6b0b0344906c10490d9f3c0eb90a55c2a82d2a5da
YARA.ttf,YARA Regular,YARA,2000-Iran-Fonts-www.P30Day.com.rar (Persian.Soft.ttf-png),"unknown (P30Day collection, terms not verified)",003238a3f257fa0618bc4f260c72722429621f622d7b818c90abc18ebeed3f72
Yas_Bold.ttf,Yas Bold Regular,Yas,2000-Iran-Fonts-www.P30Day.com.rar (Persian.Soft.ttf-png),"unknown (P30Day collection, terms not verified)",c849933d20b679f6fa58a4557556b94fa4f3f295dd7d8707122d7bdbb77016ad
Yas_Light.ttf,Yas Light Regular,Yas,2000-Iran-Fonts-www.P30Day.com.rar (Persian.Soft.ttf-png),"unknown (P30Day collection, terms not verified)",98fb1347c9cf3f99c53e230aad39d0cdee8c57356de2b6d420a40470cd839986
Yas.ttf,Yas Regular,Yas,2000-Iran-Fonts-www.P30Day.com.rar (Persian.Soft.ttf-png),"unknown (P30Day collection, terms not verified)",bef60dde90a94fb50135917bb0c5e442c06913625823c573dfde149b3bf7495a
Yasamin.ttf,Yasamin Regular,Yasamin,2000-Iran-Fonts-www.P30Day.com.rar (Persian.Soft.ttf-png),"unknown (P30Day collection, terms not verified)",1d75f6d82b50cfd3ca16526b13c6a14a4d3df89c9bc5f499e889e946ee2019d2
Zanbagh.ttf,Zanbagh Regular,Zanbagh,2000-Iran-Fonts-www.P30Day.com.rar (Persian.Soft.ttf-png),"unknown (P30Day collection, terms not verified)",ea4cee409b7d4fa3dbc27da384740604aa47aa1dc7bb5721fa1725199263c548
A.Afsaneh.ttf,A Afsaneh Regular,A Afsaneh,2000-Iran-Fonts-www.P30Day.com.rar (Persian.Tak.Fonts.1393.02.14),"unknown (P30Day collection, terms not verified)",894822b917e1de471f1f4f3f81da9e573f5eea01e6182a2c6d978d45d758c9f2
A.Ali.ttf,A Ali Regular,A Ali,2000-Iran-Fonts-www.P30Day.com.rar (Persian.Tak.Fonts.1393.02.14),"unknown (P30Day collection, terms not verified)",c72def2157a415f4f264059c2d3ea8789bb56f73c06a3a7a1ba71baa6b182d1b
A.Amine.ttf,A Amine Bold,A Amine,2000-Iran-Fonts-www.P30Day.com.rar (Persian.Tak.Fonts.1393.02.14),"unknown (P30Day collection, terms not verified)",75e7b5540068c8bc9a0776abe2c45b275c05913d1b54a2d9b45a89882671a4a1
A.Aref.Graffiti.ttf,Spirit Of Doha Black (A.Aref.Graffiti),Spirit Of Doha,2000-Iran-Fonts-www.P30Day.com.rar (Persian.Tak.Fonts.1393.02.14),"unknown (P30Day collection, terms not verified)",79820abc4622255c3a2d4569c9c2ac201d2b172a6585925aa778428b7eb13790
A.Arghavan.ttf,A Arghavan Bold,A Arghavan,2000-Iran-Fonts-www.P30Day.com.rar (Persian.Tak.Fonts.1393.02.14),"unknown (P30Day collection, terms not verified)",6b755a3c46089242269fa2a43ace5d8dca508e2f4032844ec00d792a3b462240
A.Armita.Black.ttf,A Armita Black Bold,A Armita,2000-Iran-Fonts-www.P30Day.com.rar (Persian.Tak.Fonts.1393.02.14),"unknown (P30Day collection, terms not verified)",1650d2017c26ba5c272feacbb9677f23d3880fa5e49d38ab4a8207cfb26e2a94
A.Armita.Light.ttf,A Armita Regular,A Armita,2000-Iran-Fonts-www.P30Day.com.rar (Persian.Tak.Fonts.1393.02.14),"unknown (P30Day collection, terms not verified)",ee3a37f02f8c18d787365b0e0c3ea0ced86be80819beb64a68b02e93aad5fb00
A.Arsoo.ttf,A Arsoo Bold,A Arsoo,2000-Iran-Fonts-www.P30Day.com.rar (Persian.Tak.Fonts.1393.02.14),"unknown (P30Day collection, terms not verified)",6e75632274a99352a7cecc988d828ec934241129fcbcbf3fb25972c2dfc404ee
A.Atila.ttf,A Atila Bold,A Atila,2000-Iran-Fonts-www.P30Day.com.rar (Persian.Tak.Fonts.1393.02.14),"unknown (P30Day collection, terms not verified)",ad4b239bd7b13c5f91cd8a38eadb0d44d34a5a9120e9a2a3dd1ff4f85923ca91
A.Bank.ttf,A Bank Regular,A Bank,2000-Iran-Fonts-www.P30Day.com.rar (Persian.Tak.Fonts.1393.02.14),"unknown (P30Day collection, terms not verified)",10f05443e19875b5b48a7a18f175eafdcd2b8f27ecd77d17b0a7efc01fc0d562
A.Banoo_Light.ttf,Muslimah Light,Muslimah,2000-Iran-Fonts-www.P30Day.com.rar (Persian.Tak.Fonts.1393.02.14),"unknown (P30Day collection, terms not verified)",4c5a02217f626039da8e7d231a15479e63157a1af4407bf25cade7fa7593fcbc
A.Banoo_Thin.ttf,Muslimah Thin,Muslimah,2000-Iran-Fonts-www.P30Day.com.rar (Persian.Tak.Fonts.1393.02.14),"unknown (P30Day collection, terms not verified)",7c702eb9e3bcc2d398fcb3580e8e121b66ea8f23a0ec17148e39e414bee1f207
A.Chamran.ttf,A Chamran Regular,A Chamran,2000-Iran-Fonts-www.P30Day.com.rar (Persian.Tak.Fonts.1393.02.14),"unknown (P30Day collection, terms not verified)",b81ae846ac9b034e4d9db15f6b4c99d37ac7a9a463fb1e74a949be564bcd4017
A.Danesh.Bold.Italic.ttf,A Danesh Bold Italic,A Danesh,2000-Iran-Fonts-www.P30Day.com.rar (Persian.Tak.Fonts.1393.02.14),"unknown (P30Day collection, terms not verified)",67946d5edd196f9b8b4b787412677742e815435e37d3d09b36bd319bb22bb3b0
A.Danesh.Bold.ttf,A Danesh Bold,A Danesh,2000-Iran-Fonts-www.P30Day.com.rar (Persian.Tak.Fonts.1393.02.14),"unknown (P30Day collection, terms not verified)",11d16e0e25f2b5d631b951f756d2e27050e3bf413e5e05d9d399c6b3ed87df02
A.Danesh.Italic.ttf,A Danesh Italic,A Danesh,2000-Iran-Fonts-www.P30Day.com.rar (Persian.Tak.Fonts.1393.02.14),"unknown (P30Day collection, terms not verified)",8500816154d48031eaf4965461ff3de7231d1f06912a1bc931bbfc8f1bb622af
A.Danesh.ttf,A Danesh Regular,A Danesh,2000-Iran-Fonts-www.P30Day.com.rar (Persian.Tak.Fonts.1393.02.14),"unknown (P30Day collection, terms not verified)",b8faa6953c734c4d543b0837002351c4902f4bd96d7f945a88c5e24db194e265
A.Dastan.ttf,A Dastan Regular,A Dastan,2000-Iran-Fonts-www.P30Day.com.rar (Persian.Tak.Fonts.1393.02.14),"unknown (P30Day collection, terms not verified)",797c15bc282d8077d9264623bca31e49eaa2863f49aace3b0692991c7ee03d07
A.Duel.Fat.ttf,ToyorAljanah Fat,ToyorAljanah,2000-Iran-Fonts-www.P30Day.com.rar (Persian.Tak.Fonts.1393.02.14),"unknown (P30Day collection, terms not verified)",4d7a72eca60c3a034bb182ce28c0dfd4b4eb8e0d6ed925496ea4e6f7528c6d38
A.Duel.Regular.ttf,ToyorAljanah Regular (A.Duel.Regular),ToyorAljanah,2000-Iran-Fonts-www.P30Day.com.rar (Persian.Tak.Fonts.1393.02.14),"unknown (P30Day collection, terms not verified)",ed8241e68857f5966ddeb9fd3e0306668000116fc73c36da2dbed9ba7ec7d702
A.Farhood.ttf,A Farhood Regular,A Farhood,2000-Iran-Fonts-www.P30Day.com.rar (Persian.Tak.Fonts.1393.02.14),"unknown (P30Day collection, terms not verified)",a7221ee10dde3c41997efe0f09a1a6179d3f6627fe4b6c683e7538ab1eccfdfb
A.Farzian.2.ttf,A Farzian 2 Regular,A Farzian 2,2000-Iran-Fonts-www.P30Day.com.rar (Persian.Tak.Fonts.1393.02.14),"unknown (P30Day collection, terms not verified)",539ad22b44570d0f3cb9463d75f5557692357ca7d400e4a4ca7e052dff6ae68e
A.Farzian.ttf,A Farzian Regular,A Farzian,2000-Iran-Fonts-www.P30Day.com.rar (Persian.Tak.Fonts.1393.02.14),"unknown (P30Day collection, terms not verified)",4ae0b8123f16f22b53b9e895392df1fe175c84cc56944120506ab9afb3c47454
A.Fetne.ttf,A Fetne Bold,A Fetne,2000-Iran-Fonts-www.P30Day.com.rar (Persian.Tak.Fonts.1393.02.14),"unknown (P30Day collection, terms not verified)",75127363c09a6572895bb483cdf68c37e89311557075f3eae29206fea6e7a927
A.Gam.Azad.ttf,A Gam_Azad Regular,A Gam_Azad,2000-Iran-Fonts-www.P30Day.com.rar (Persian.Tak.Fonts.1393.02.14),"unknown (P30Day collection, terms not verified)",e564e28f1488389944c022c3cf530b2b82b8a3320c7ba25e6527be1c7707979a
A.Gol.ttf,A Gol Regular,A Gol,2000-Iran-Fonts-www.P30Day.com.rar (Persian.Tak.Fonts.1393.02.14),"unknown (P30Day collection, terms not verified)",be26414a425c82f58b494f06aa4c8d6301c3ffd8032e6c95424a369edd774701
A.Goldan.ttf,A Goldan Regular,A Goldan,2000-Iran-Fonts-www.P30Day.com.rar (Persian.Tak.Fonts.1393.02.14),"unknown (P30Day collection, terms not verified)",fda43e9260c25da8ed1278e924f93a066975771e6daf7c4206d4ae5f697c7cec
A.Google.ttf,A GOOGLE Regular,A GOOGLE,2000-Iran-Fonts-www.P30Day.com.rar (Persian.Tak.Fonts.1393.02.14),"unknown (P30Day collection, terms not verified)",e944039369c0ff38db957df7a3c744160a4f21d9206fddf0c41d9a28d3e50fed
A.Hamase.ttf,A Hamase Regular,A Hamase,2000-Iran-Fonts-www.P30Day.com.rar (Persian.Tak.Fonts.1393.02.14),"unknown (P30Day collection, terms not verified)",3b52e37f2e3a1c04cddce5e19c22db69c4bd058fcecd22a0c76b1588107089e8
A.Hayat.01.ttf,Hayah Regular,Hayah,2000-Iran-Fonts-www.P30Day.com.rar (Persian.Tak.Fonts.1393.02.14),"unknown (P30Day collection, terms not verified)",7534a46cea551aa6034a514d143454a39030c5873ac9dacd86672838ffacfbfd
A.Hemmat.ttf,A Hemmat Regular,A Hemmat,2000-Iran-Fonts-www.P30Day.com.rar (Persian.Tak.Fonts.1393.02.14),"unknown (P30Day collection, terms not verified)",354b5ac8c72a3806cbe7edb4a8f2d395bcbd551c04ec9092ca806b5e0e3335e3
A.Jannat.LT.Bold.ttf,A Jannat LT Bold,A Jannat LT,2000-Iran-Fonts-www.P30Day.com.rar (Persian.Tak.Fonts.1393.02.14),"unknown (P30Day collection, terms not verified)",89147fdd821e5dbf4e36fe55d5345cf0d9431d4562cbdf36b915fc822534ad0a
A.Jannat.LT.Regular.ttf,A Jannat LT Regular,A Jannat LT,2000-Iran-Fonts-www.P30Day.com.rar (Persian.Tak.Fonts.1393.02.14),"unknown (P30Day collection, terms not verified)",37b5067338054d2e8554f1bca3259dad345dc6664f490e0cd990c98ef5a90c5e
A.Karbala.ttf,A karbala Regular,A karbala,2000-Iran-Fonts-www.P30Day.com.rar (Persian.Tak.Fonts.1393.02.14),"unknown (P30Day collection, terms not verified)",f2c39695d5b59bcca9c4a89c99ce0c6e86147a875f19dc850f2d66bd61b2d87a
A.Ketab.Bold.ttf,A Ketab Bold,A Ketab,2000-Iran-Fonts-www.P30Day.com.rar (Persian.Tak.Fonts.1393.02.14),"unknown (P30Day collection, terms not verified)",22a6d38353bf809bb1a6f9f79720e3458406f91710b0f9385f9ff374eabc085f
A.Ketab.Italic.ttf,A Ketab Italic,A Ketab,2000-Iran-Fonts-www.P30Day.com.rar (Persian.Tak.Fonts.1393.02.14),"unknown (P30Day collection, terms not verified)",6747bce356c755ca5feecdbd38a59b34d80a0b41f621cab751fb0b7ba14ef373
A.Ketab.Khali.ttf,A Ketab Regular (A.Ketab.Khali),A Ketab,2000-Iran-Fonts-www.P30Day.com.rar (Persian.Tak.Fonts.1393.02.14),"unknown (P30Day collection, terms not verified)",c0dfcaf133b693bd4ff19c8dc223362f179c8b04d8b73cbc08e26d92b6cef2a6
A.Ketab.ttf,A Ketab Regular (A.Ketab),A Ketab,2000-Iran-Fonts-www.P30Day.com.rar (Persian.Tak.Fonts.1393.02.14),"unknown (P30Day collection, terms not verified)",db6afa952b6fc8b3304a5893597470ac32b37cf233af7386c5b87f9eb7df3fb4
A.Kordi.ttf,A KORDi Regular,A KORDi,2000-Iran-Fonts-www.P30Day.com.rar (Persian.Tak.Fonts.1393.02.14),"unknown (P30Day collection, terms not verified)",0d626afafbd2fe3de003543411f46293ba20e3945dc6d839e7d28415a75bcb7e
A.Lamia.ttf,A Lamia Bold,A Lamia,2000-Iran-Fonts-www.P30Day.com.rar (Persian.Tak.Fonts.1393.02.14),"unknown (P30Day collection, terms not verified)",99c04b285e8df45fb42f8b0f4752bef2e378e46c3320001af36a672341506d51
A.Maghreb.Jadid.ttf,A Maghreb jadid Regular,A Maghreb jadid,2000-Iran-Fonts-www.P30Day.com.rar (Persian.Tak.Fonts.1393.02.14),"unknown (P30Day collection, terms not verified)",6a4509ac755e984da49418a9a4232d5a6fcc893cc29aca61cf741501a41931b0
A.Mashin.Tahrir.Bold.ttf,A Mashin Tahrir Bold,A Mashin Tahrir,2000-Iran-Fonts-www.P30Day.com.rar (Persian.Tak.Fonts.1393.02.14),"unknown (P30Day collection, terms not verified)",ff40936ba30533b212547533785f77af36d728e2ddf320e878536d7407900d84
A.Mashin.Tahrir.Italic.ttf,A Mashin Tahrir Italic,A Mashin Tahrir,2000-Iran-Fonts-www.P30Day.com.rar (Persian.Tak.Fonts.1393.02.14),"unknown (P30Day collection, terms not verified)",9d13b2329b9ea1f964cb2af760e9dff472b7397d078610a8e9b65c4c7745d147
A.Mashin.Tahrir.Old.ttf,A Mashin Tahrir-Old Regular,A Mashin Tahrir-Old,2000-Iran-Fonts-www.P30Day.com.rar (Persian.Tak.Fonts.1393.02.14),"unknown (P30Day collection, terms not verified)",56e102a727f32d076b27eedd125be211103021c1e7769093735e029c3b5a4486
A.Mashin.Tahrir.ttf,A Mashin Tahrir Regular,A Mashin Tahrir,2000-Iran-Fonts-www.P30Day.com.rar (Persian.Tak.Fonts.1393.02.14),"unknown (P30Day collection, terms not verified)",626655e0a18fcae4ddeaa509d90ce58004b7b90409d4a66e380f8946a246f834
A.Mitra.01.ttf,A Mitra_1 (MRT) Bold,A  Mitra_1 (MRT),2000-Iran-Fonts-www.P30Day.com.rar (Persian.Tak.Fonts.1393.02.14),"unknown (P30Day collection, terms not verified)",6cc05b010ec22e9981657d931baefbc3664c41682325882899db18983ae73892
A.Mitra.02.ttf,A Mitra_2 (MRT) Bold,A  Mitra_2 (MRT),2000-Iran-Fonts-www.P30Day.com.rar (Persian.Tak.Fonts.1393.02.14),"unknown (P30Day collection, terms not verified)",67c561d66414da50f0399e02151c1599d8550362ae46aaeea053e0e8fe1e3e0c
A.Mitra.03.ttf,A Mitra_3 (MRT) Bold,A  Mitra_3 (MRT),2000-Iran-Fonts-www.P30Day.com.rar (Persian.Tak.Fonts.1393.02.14),"unknown (P30Day collection, terms not verified)",5ae0c58146adf1a8f0791ca87f073da33258c98148a6e36e7581bb232861db00
A.Mitra.04.ttf,A Mitra_4 (MRT) Bold,A  Mitra_4 (MRT),2000-Iran-Fonts-www.P30Day.com.rar (Persian.Tak.Fonts.1393.02.14),"unknown (P30Day collection, terms not verified)",b016540d2d64c2c346a3c12fcf1d9bf4d427b8e9c5df6e82caf46a608b38da9a
A.Mitra.05.ttf,A Mitra_5 (MRT) Bold,A  Mitra_5 (MRT),2000-Iran-Fonts-www.P30Day.com.rar (Persian.Tak.Fonts.1393.02.14),"unknown (P30Day collection, terms not verified)",7f884cdfc5797fe6e61402ede6bccba33507d2f0d17d05445843da6f9a5d591d
A.Mosalas.ttf,A Mosalas Bold,A Mosalas,2000-Iran-Fonts-www.P30Day.com.rar (Persian.Tak.Fonts.1393.02.14),"unknown (P30Day collection, terms not verified)",3538e8eb86e734450b48b5c96b6cf6a9ed42a1a3e44ce8e45ea0668330ee6331
A.Nahar-Black.ttf,AnNahar Black,AnNahar,2000-Iran-Fonts-www.P30Day.com.rar (Persian.Tak.Fonts.1393.02.14),"unknown (P30Day collection, terms not verified)",c924a89d1902d22f4c286b92220e22fb2687dbca34802672bb26ab0a2db224e7
A.Nahar-Bold.ttf,AnNahar Bold,AnNahar,2000-Iran-Fonts-www.P30Day.com.rar (Persian.Tak.Fonts.1393.02.14),"unknown (P30Day collection, terms not verified)",80af201ece1b3d3b4061307176421b8c6a645151ea100dc423abedb63839d7ce
A.Nahar-Medium.ttf,AnNahar Medium,AnNahar,2000-Iran-Fonts-www.P30Day.com.rar (Persian.Tak.Fonts.1393.02.14),"unknown (P30Day collection, terms not verified)",d7394a0fa4661257ad344f14f1a39199b21555722e5fbbeb494dfb1b82500930
A.Naskh.Tahrir.Bold.ttf,A Naskh Tahrir Bold,A Naskh Tahrir,2000-Iran-Fonts-www.P30Day.com.rar (Persian.Tak.Fonts.1393.02.14),"unknown (P30Day collection, terms not verified)",90d8f020b97ead3105f3275c96801b1bee40d31d03574f8939395baa707c8130
A.Naskh.Tahrir.ttf,A Naskh Tahrir Regular,A Naskh Tahrir,2000-Iran-Fonts-www.P30Day.com.rar (Persian.Tak.Fonts.1393.02.14),"unknown (P30Day collection, terms not verified)",a950bdcf541a730ad8abaf6b1095a5379bb12aa8068bea5e925d56c29eec0776
A.Nasr.ttf,ToyorAljanah Regular (A.Nasr),ToyorAljanah,2000-Iran-Fonts-www.P30Day.com.rar (Persian.Tak.Fonts.1393.02.14),"unknown (P30Day collection, terms not verified)",bc0f3eff2544a85f2fd00ba8a54149e3750d8864e0b4b592e6c2c48f8594641f
A.Negaar.Bold.ttf,A Negaar Bold,A Negaar,2000-Iran-Fonts-www.P30Day.com.rar (Persian.Tak.Fonts.1393.02.14),"unknown (P30Day collection, terms not verified)",293f944b529b9271e87d5c3164be1bc3289be68e7d217b0fcc278e440590728e
A.Negaar.Regular.ttf,A Negaar Regular,A Negaar,2000-Iran-Fonts-www.P30Day.com.rar (Persian.Tak.Fonts.1393.02.14),"unknown (P30Day collection, terms not verified)",0568c97b68bc83aca3b5eb63ecfebb796f87d90877c0ece75873cebc534931b0
A.Piramooz.B1.ttf,A Piramooz B1 Regular,A Piramooz B1,2000-Iran-Fonts-www.P30Day.com.rar (Persian.Tak.Fonts.1393.02.14),"unknown (P30Day collection, terms not verified)",9e02da36d3cdb0f5374c9d805cf6db0035ec1165fc352121c4c465dc8cf306ae
A.Piramooz.Text.B2.ttf,A Piramooz Text B2 Regular,A Piramooz Text B2,2000-Iran-Fonts-www.P30Day.com.rar (Persian.Tak.Fonts.1393.02.14),"unknown (P30Day collection, terms not verified)",8355d209b948590c3c140428fa98072f2471643314d1669d2b29245d52c039e0
A.Pixel.2.ttf,A Pixel 2 Regular,A Pixel 2,2000-Iran-Fonts-www.P30Day.com.rar (Persian.Tak.Fonts.1393.02.14),"unknown (P30Day collection, terms not verified)",d14e813079732165be8b3d40f6f96d7da91b670412769f49dc3167600ba6f7ed
A.Pixel.ttf,A Pixel Regular,A Pixel,2000-Iran-Fonts-www.P30Day.com.rar (Persian.Tak.Fonts.1393.02.14),"unknown (P30Day collection, terms not verified)",0ac8288c298189f7f96571363229ac53d36e13121eff5476c9b2ca24f957be17
A.RaiMediaBlack.ttf,A RaiMedia-Black Regular,A RaiMedia,2000-Iran-Fonts-www.P30Day.com.rar (Persian.Tak.Fonts.1393.02.14),"unknown (P30Day collection, terms not verified)",847a448ca5087aae1be2dce656ad97b679c11a628d41016f360dd6cdb27dcc6c
A.RaiMediaBold.ttf,AlRaiMedia-Bold Bold,AlRaiMedia,2000-Iran-Fonts-www.P30Day.com.rar (Persian.Tak.Fonts.1393.02.14),"unknown (P30Day collection, terms not verified)",4cb870cc386f31a0aed69cb4e8457f6693fb047c590c95a8228556c9ca0ee3ed
A.Refaghat.ttf,A Refaghat Regular,A Refaghat,2000-Iran-Fonts-www.P30Day.com.rar (Persian.Tak.Fonts.1393.02.14),"unknown (P30Day collection, terms not verified)",1b029ea2d489b066e91066617b9eecabeaa428f0cff13fa4e30d5c3a689f6e3f
A.Rooznameh.ttf,A Rooznameh Regular,A Rooznameh,2000-Iran-Fonts-www.P30Day.com.rar (Persian.Tak.Fonts.1393.02.14),"unknown (P30Day collection, terms not verified)",b9c0e4754f918578af660a91353a1ace80a339135c9051cc0abe0e9968612247
A.Sade.ttf,A Sade Regular,A Sade,2000-Iran-Fonts-www.P30Day.com.rar (Persian.Tak.Fonts.1393.02.14),"unknown (P30Day collection, terms not verified)",b602ae6d852b110148b9835c22b58cef847ff046a4930d430880dc8c25113192
A.Salamat.ttf,A Salamat Regular,A Salamat,2000-Iran-Fonts-www.P30Day.com.rar (Persian.Tak.Fonts.1393.02.14),"unknown (P30Day collection, terms not verified)",07cca7dd546dc068d641d90d3df1f19c5d2a3ff831e9306247af03e8a430def1
A.Sane.Jaleh.ttf,A Sane Jaleh Bold,A Sane Jaleh,2000-Iran-Fonts-www.P30Day.com.rar (Persian.Tak.Fonts.1393.02.14),"unknown (P30Day collection, terms not verified)",2909f2cd4f156f8aa5bd5d0b00f3c11629b98f653c212c2c8db085795ac3afe2
A.Shablon.Cut.ttf,A Shablon Cut Regular,A Shablon Cut,2000-Iran-Fonts-www.P30Day.com.rar (Persian.Tak.Fonts.1393.02.14),"unknown (P30Day collection, terms not verified)",cc49c56bfbded08521d38454147d56378cd7cc9f76a740e2d53b15222099215d
A.Shams.ttf,A Shams Regular,A Shams,2000-Iran-Fonts-www.P30Day.com.rar (Persian.Tak.Fonts.1393.02.14),"unknown (P30Day collection, terms not verified)",5b2c6bb81a2a232602e998f1dbb1166eab7b447f425c910898402bb111b94b6e
A.Sim.Khardar.ttf,A Sim khardar Regular,A Sim khardar,2000-Iran-Fonts-www.P30Day.com.rar (Persian.Tak.Fonts.1393.02.14),"unknown (P30Day collection, terms not verified)",9722be9ee838c0bf490bb73234a3b40bf3c312664ddb2a5dc824925ae1ac8f69
A.Sina.PC.ttf,A Sina-PC Regular,A Sina-PC,2000-Iran-Fonts-www.P30Day.com.rar (Persian.Tak.Fonts.1393.02.14),"unknown (P30Day collection, terms not verified)",3cf4be237dfa0a80ff504401a4933534c2902ed276c8d9abfafeaed57a19021d
A.Sogand.ttf,A Sogand Regular,A Sogand,2000-Iran-Fonts-www.P30Day.com.rar (Persian.Tak.Fonts.1393.02.14),"unknown (P30Day collection, terms not verified)",57365c5e357a6dbc37ac376d67fe75b8e826f376b982ad0a276db54cc8b4fe70
A.Soraya.ttf,A Soraya Regular,A Soraya,2000-Iran-Fonts-www.P30Day.com.rar (Persian.Tak.Fonts.1393.02.14),"unknown (P30Day collection, terms not verified)",f4c7813ef3cf28d0d45c504c34d134edac3587c8945fc46871f63a0fc7537273
A.Spirit.Of.Doha.Black.ttf,Spirit Of Doha Black (A.Spirit.Of.Doha.Black),Spirit Of Doha,2000-Iran-Fonts-www.P30Day.com.rar (Persian.Tak.Fonts.1393.02.14),"unknown (P30Day collection, terms not verified)",1152cb46cce1f606ff21240c8d0ab8d1b1bf13bacc2ea7256e499c27f8ef5f29
A.Spirit.Of.Doha.Bold.ttf,Spirit Of Doha Bold,Spirit Of Doha,2000-Iran-Fonts-www.P30Day.com.rar (Persian.Tak.Fonts.1393.02.14),"unknown (P30Day collection, terms not verified)",9884645e40df33b451599af101a48189eea88e9d4c1d36624225d18d5b0309df
A.Spirit.Of.Doha.Medium.ttf,Spirit Of Doha Medium,Spirit Of Doha,2000-Iran-Fonts-www.P30Day.com.rar (Persian.Tak.Fonts.1393.02.14),"unknown (P30Day collection, terms not verified)",fa57bf32953010c83627fdfd311875efa91f1fa08d7582f675a73b8162db68bf
A.Taha.ttf,A Taha Bold,A Taha,2000-Iran-Fonts-www.P30Day.com.rar (Persian.Tak.Fonts.1393.02.14),"unknown (P30Day collection, terms not verified)",75da82907db30aec051f926c8134c5268adcd4055e34d1efb5cd24ca5a47de57
A.Thuluth.ttf,A Thuluth Regular,A Thuluth,2000-Iran-Fonts-www.P30Day.com.rar (Persian.Tak.Fonts.1393.02.14),"unknown (P30Day collection, terms not verified)",e2504051ca05b271baf08f617fabb67a4a728260c491f90eaa8b91904db41093
A.Titraj.1.Bold.ttf,A Titraj 1 Bold,A Titraj 1,2000-Iran-Fonts-www.P30Day.com.rar (Persian.Tak.Fonts.1393.02.14),"unknown (P30Day collection, terms not verified)",532cee3fb03abb687a38d31f7ae2d7876c5fc941a0ab50b59b127cc42bd223ae
A.Titraj.2.Bold.ttf,A Titraj 2 Bold,A Titraj 2,2000-Iran-Fonts-www.P30Day.com.rar (Persian.Tak.Fonts.1393.02.14),"unknown (P30Day collection, terms not verified)",58db1ee6d70766820b94e8f6217664db5e6ab99a702c9dd8ca4446c6b3b12110
A.Yasamin.ttf,A Yasamin Regular,A Yasamin,2000-Iran-Fonts-www.P30Day.com.rar (Persian.Tak.Fonts.1393.02.14),"unknown (P30Day collection, terms not verified)",ad0d632597fde43c3f583e79ac10fb45ae407e70e506933ce4f42061669289a8
A.ZARGHAN.HAY.NAHATAG.ttf,A ZARGHAN HAY NAHATAG Regular,A ZARGHAN HAY NAHATAG,2000-Iran-Fonts-www.P30Day.com.rar (Persian.Tak.Fonts.1393.02.14),"unknown (P30Day collection, terms not verified)",76cbaa4b12ddbb0fd2a7ee8819906260b1b7cc6d37268946680d7adabb637170
A.Zarghan.Hadith.ttf,A Zarghan Hadith Regular,A Zarghan Hadith,2000-Iran-Fonts-www.P30Day.com.rar (Persian.Tak.Fonts.1393.02.14),"unknown (P30Day collection, terms not verified)",4c8366d771de227b64d821a5a0d0965608b50922364346b2476206dfbcbf6fe6
A.khat.khati.ttf,A khat-khati Regular,A khat-khati,2000-Iran-Fonts-www.P30Day.com.rar (Persian.Tak.Fonts.1393.02.14),"unknown (P30Day collection, terms not verified)",610c4975acf551f3a7ce0cb64d87eca59601c3fd22f4d6f47c94e5a1ea76959e
Adobe.Arabic-BoldItalic.otf,Adobe Arabic Bold Italic,Adobe Arabic,2000-Iran-Fonts-www.P30Day.com.rar (Persian.Tak.Fonts.1393.02.14),"unknown (P30Day collection, terms not verified)",f408e79879e9a03a4990afea5c207df37ce2e5392066c113faf94ad327cd07de
Adobe.Arabic-Bold.otf,Adobe Arabic Bold,Adobe Arabic,2000-Iran-Fonts-www.P30Day.com.rar (Persian.Tak.Fonts.1393.02.14),"unknown (P30Day collection, terms not verified)",d80c5da0dd7271b0cbd13bcac1f9dcbff9f4da0f4385c78e8a651e7c0e02929a
Adobe.Arabic-Italic.otf,Adobe Arabic Italic,Adobe Arabic,2000-Iran-Fonts-www.P30Day.com.rar (Persian.Tak.Fonts.1393.02.14),"unknown (P30Day collection, terms not verified)",fc74c31662d937148cdfe525640c0fde64dffab6a159d50a40737716c73f8aa5
Adobe.Arabic-Regular.otf,Adobe Arabic Regular,Adobe Arabic,2000-Iran-Fonts-www.P30Day.com.rar (Persian.Tak.Fonts.1393.02.14),"unknown (P30Day collection, terms not verified)",a8e93840854645a97ad39766ef23541030095cea21045b2b54adf3a3de120fcb
B.Araz.ttf,B Araz Regular,B Araz,2000-Iran-Fonts-www.P30Day.com.rar (Persian.Tak.Fonts.1393.02.14),"unknown (P30Day collection, terms not verified)",71e64e76f9cafe6d8922a5b7eec2823a152c00eb60775dbce50bfd6557ab442a
B.Shekari.ttf,B Shekari Regular,B Shekari,2000-Iran-Fonts-www.P30Day.com.rar (Persian.Tak.Fonts.1393.02.14),"unknown (P30Day collection, terms not verified)",b021874e88318b0cd4316ba2729ebf7cecddcd105a01287f1ca446ad544775ec
DastNevis.otf,Dast Nevis Regular,Dast Nevis,2000-Iran-Fonts-www.P30Day.com.rar (Persian.Tak.Fonts.1393.02.14),"unknown (P30Day collection, terms not verified)",4bfca8854d9598efe453cc0d53bd2130f5c1bec2259783f38be2e78eccb40a09
Entezar.v1.00.ttf,Entezar <--------- Poster Font,Entezar     <---------,2000-Iran-Fonts-www.P30Day.com.rar (Persian.Tak.Fonts.1393.02.14),"unknown (P30Day collection, terms not verified)",4dca0c8ce6efcee5d139f7b803a72f98b660a356a70663268f5824847f34334b
Entezar1_v2.0.1.ttf,EntezareZohoor 1 ** Regular,EntezareZohoor 1 **,2000-Iran-Fonts-www.P30Day.com.rar (Persian.Tak.Fonts.1393.02.14),"unknown (P30Day collection, terms not verified)",ee31cf11bd6fff974ec4d38f5d0a58ade8b3022af840a983c6adaec4b5c3cf78
Entezar2_v2.0.1.ttf,EntezareZohoor 2 ** Regular,EntezareZohoor 2 **,2000-Iran-Fonts-www.P30Day.com.rar (Persian.Tak.Fonts.1393.02.14),"unknown (P30Day collection, terms not verified)",14a059edf16d9e4935bb7e68331a957098dda367a49cdbc30c54911d2858792e
Entezar3_v2.0.1.ttf,EntezareZohoor 3 ** Regular,EntezareZohoor 3 **,2000-Iran-Fonts-www.P30Day.com.rar (Persian.Tak.Fonts.1393.02.14),"unknown (P30Day collection, terms not verified)",69cecd3f34a656c0bbec69b23cf45aa41543cf0ee1ecff94bb3f7555126b6303
Entezar4_v2.0.1.ttf,EntezareZohoor 4 ** Regular,EntezareZohoor 4 **,2000-Iran-Fonts-www.P30Day.com.rar (Persian.Tak.Fonts.1393.02.14),"unknown (P30Day collection, terms not verified)",05a35ba02f3aee2971ddad7258c9a34a5997458962db142802315272a71a18ed
Entezar5_v2.0.1.ttf,EntezareZohoor 5 ** Regular,EntezareZohoor 5 **,2000-Iran-Fonts-www.P30Day.com.rar (Persian.Tak.Fonts.1393.02.14),"unknown (P30Day collection, terms not verified)",f33e010087bead3d8c9af61f85f693fde4a07e6b98492d8463d2152f85c061bc
Entezar6_v2.0.1.ttf,EntezareZohoor 6 ** Regular,EntezareZohoor 6 **,2000-Iran-Fonts-www.P30Day.com.rar (Persian.Tak.Fonts.1393.02.14),"unknown (P30Day collection, terms not verified)",603fc6358ccbc553a163cfb7f61282bebf4c6cbfd644cda838151baf18404c88
EntezarB3_v2.0.1.ttf,EntezareZohoor B3 Regular,EntezareZohoor B3,2000-Iran-Fonts-www.P30Day.com.rar (Persian.Tak.Fonts.1393.02.14),"unknown (P30Day collection, terms not verified)",fcc191e4ed440d4382709c39a1ba426339c226dd7fece55cd283dbeda64329f7
EntezarB4_v2.0.1_.ttf,EntezareZohoor B4 Regular,EntezareZohoor B4,2000-Iran-Fonts-www.P30Day.com.rar (Persian.Tak.Fonts.1393.02.14),"unknown (P30Day collection, terms not verified)",1c3f3906a1b48ecbf21abe1855a64b974aa2d15a3b0cd7f3478a426a0eb579a4
EntezarC3_v2.0.1.ttf,EntezareZohoor C3 Regular,EntezareZohoor C3,2000-Iran-Fonts-www.P30Day.com.rar (Persian.Tak.Fonts.1393.02.14),"unknown (P30Day collection, terms not verified)",ecf1a6fb8792e04a9a4dfe1b72eef5530db5dffbe247ab79cbd554be929e74af
EntezarC_v2.0.1.ttf,EntezareZohoor C Regular,EntezareZohoor C,2000-Iran-Fonts-www.P30Day.com.rar (Persian.Tak.Fonts.1393.02.14),"unknown (P30Day collection, terms not verified)",1a7d4c05014884215b60c5eb000a5ed2a9e11fce299f36e4fdec863b5aa40436
EntezarD3_v2.0.1.ttf,EntezareZohoor D3 Regular,EntezareZohoor D3,2000-Iran-Fonts-www.P30Day.com.rar (Persian.Tak.Fonts.1393.02.14),"unknown (P30Day collection, terms not verified)",f76f3e4da9926a04fa16ffbf0ea9cfcaa968f9fabecebc043d6d790b7da1a711
EntezarD5_v2.0.1.ttf,EntezareZohoor D5 Regular,EntezareZohoor D5,2000-Iran-Fonts-www.P30Day.com.rar (Persian.Tak.Fonts.1393.02.14),"unknown (P30Day collection, terms not verified)",378d863e00431a2685690a95e7d64ba41460803441ce8cec6542c7fbaa8773ad
EntezarD8_v2.0.1.ttf,EntezareZohoor D8 Regular,EntezareZohoor D8,2000-Iran-Fonts-www.P30Day.com.rar (Persian.Tak.Fonts.1393.02.14),"unknown (P30Day collection, terms not verified)",4854eb266a5f36b9d5a3a857bdf00e46d332df111639b8e888e456ad8599d23c
EntezarD_v2.0.1.ttf,EntezareZohoor D Regular,EntezareZohoor D,2000-Iran-Fonts-www.P30Day.com.rar (Persian.Tak.Fonts.1393.02.14),"unknown (P30Day collection, terms not verified)",5b173bb11b84ac239cfcc6635f3c78e532f8b55bdde351a6ad65d2e191b9020a
EntezarE2_v2.0.1.ttf,EntezareZohoor E2 Regular,EntezareZohoor E2,2000-Iran-Fonts-www.P30Day.com.rar (Persian.Tak.Fonts.1393.02.14),"unknown (P30Day collection, terms not verified)",590a1b32344f938c8dcff55e2284e7f10f84f8d50d9321902553befc1a56d28d
Hakim.Ghazali.ttf,Hakim Ghazali Regular,Hakim Ghazali,2000-Iran-Fonts-www.P30Day.com.rar (Persian.Tak.Fonts.1393.02.14),"unknown (P30Day collection, terms not verified)",b7da4ebaf682ff15040ef9489abe88d065be4391156dd34c4e793ccbe19e9251
IranNastaliq.ttf,IranNastaliq Regular,IranNastaliq,2000-Iran-Fonts-www.P30Day.com.rar (Persian.Tak.Fonts.1393.02.14),"unknown (P30Day collection, terms not verified)",d5cc346810c9cf63e7ecc365c3e50b54bacf8664802b53bb87ed0c4f3ce6da1e
Massir.Ballpoint.ttf,A Massir Ballpoint Regular,A Massir Ballpoint,2000-Iran-Fonts-www.P30Day.com.rar (Persian.Tak.Fonts.1393.02.14),"unknown (P30Day collection, terms not verified)",765e66efa02a30e5e7503160b66b594af055ee649e6064d087a8e98a890ef698
Massir.Spray.ttf,A Massir Spray Regular,A Massir Spray,2000-Iran-Fonts-www.P30Day.com.rar (Persian.Tak.Fonts.1393.02.14),"unknown (P30Day collection, terms not verified)",f8fd067dc45261ff6f93266e8140f53f5c13b5dcdb25e2154f36f10911dba2ef
Moalla.ttf,Moalla Regular,Moalla,2000-Iran-Fonts-www.P30Day.com.rar (Persian.Tak.Fonts.1393.02.14),"unknown (P30Day collection, terms not verified)",a8bc6aaf9958a5fd88493a3669ae0376b361c5e4f5eec64204355308dd0fcde9
Mola.ttf,Mola Regular,Mola,2000-Iran-Fonts-www.P30Day.com.rar (Persian.Tak.Fonts.1393.02.14),"unknown (P30Day collection, terms not verified)",8951792952a1fab628cbfdebb66b11beb2a58806274452a0109c2bc2d50e6b76
Nabi.ttf,Nabi Regular,Nabi,2000-Iran-Fonts-www.P30Day.com.rar (Persian.Tak.Fonts.1393.02.14),"unknown (P30Day collection, terms not verified)",47ec77cd71c9ac9b156220143ff7b337595de6c5a2f21a4c76f83167243e96ab
Neirizi.ttf,Neirizi Regular,Neirizi,2000-Iran-Fonts-www.P30Day.com.rar (Persian.Tak.Fonts.1393.02.14),"unknown (P30Day collection, terms not verified)",25941f15245ac6bfabd5c9b9401b9cb348c59e7961ac2d1e65044f8ce933bdea
Persian.Samt2.ttf,persian-Samt ** 2 Regular,persian-Samt ** 2,2000-Iran-Fonts-www.P30Day.com.rar (Persian.Tak.Fonts.1393.02.14),"unknown (P30Day collection, terms not verified)",94b0b3602ebce7764d4cf3f4cd4e6a83157613e6da301fee4f0fa9c477b03d32
Persian.Samt3.ttf,persian-Samt ** 3 Regular,persian-Samt ** 3,2000-Iran-Fonts-www.P30Day.com.rar (Persian.Tak.Fonts.1393.02.14),"unknown (P30Day collection, terms not verified)",4c64c450828de7f7290f2d277fffe72285fb6f9f5e4a502b060db0cb62be9a51
Persian.Samt.ttf,persian-Samt ** 1 Regular,persian-Samt ** 1,2000-Iran-Fonts-www.P30Day.com.rar (Persian.Tak.Fonts.1393.02.14),"unknown (P30Day collection, terms not verified)",14a29d8cca8eca9fddc2fc9630e655035ca2e034429a16d5c019c1283d302d8d
Persian.Toomar.ttf,Persian-Toomar Regular,Persian-Toomar,2000-Iran-Fonts-www.P30Day.com.rar (Persian.Tak.Fonts.1393.02.14),"unknown (P30Day collection, terms not verified)",6ee658c2f6cdf7cc5954cf868190b6cd05e75f95d08532aebe14c91f9d5d576f
Persian.kereshmeh.ttf,Persian-kereshmeh Regular,Persian-kereshmeh,2000-Iran-Fonts-www.P30Day.com.rar (Persian.Tak.Fonts.1393.02.14),"unknown (P30Day collection, terms not verified)",57a1dfe20f735b1f5f9f4786a6859210bea6e78dad7505085c7c77566616b744
Roze.B.ttf,A Roze B Regular,A Roze B,2000-Iran-Fonts-www.P30Day.com.rar (Persian.Tak.Fonts.1393.02.14),"unknown (P30Day collection, terms not verified)",482477a5b436d6bc953df63fc8fce5d46e349154ac257e86304264f5d2525d1b
Roze.ttf,A Roze Regular,A Roze,2000-Iran-Fonts-www.P30Day.com.rar (Persian.Tak.Fonts.1393.02.14),"unknown (P30Day collection, terms not verified)",d1117a6d786926861c3e6f066453a8ec01fba9ec39aa2f6413c0b8b755f326c4
ZARGHAN.MOALA.ttf,ZARGHAN MO'ALA Regular,ZARGHAN MO'ALA,2000-Iran-Fonts-www.P30Day.com.rar (Persian.Tak.Fonts.1393.02.14),"unknown (P30Day collection, terms not verified)",af2b419b879315ec21a3592bde3d4643c43ce400e25ecab4c714e265f7615301
irsans.ttf,Iranian Sans Regular,Iranian Sans,2000-Iran-Fonts-www.P30Day.com.rar (Persian.Tak.Fonts.1393.02.14),"unknown (P30Day collection, terms not verified)",7b443cab58621cd6eed64f8918290d7ba38c275f1fc62f1f9f0c00c669d68fa2
S_ALYERMOOK.ttf,S_ALYERMOOK REGULAR,S_ALYERMOOK,2000-Iran-Fonts-www.P30Day.com.rar (S.Signul.ttf-png),"unknown (P30Day collection, terms not verified)",7e955f01f528266e8d477c453e7512d74b588abd8d379116b69aa54db0f40135
S_AMEEN.ttf,S_AMEEN REGULAR,S_AMEEN,2000-Iran-Fonts-www.P30Day.com.rar (S.Signul.ttf-png),"unknown (P30Day collection, terms not verified)",a8070c2afc287de02bbde02bad320e2e96b59a82c98a7119cb8d66089a322a5a
S_HANI.ttf,S_HANI REGULAR,S_HANI,2000-Iran-Fonts-www.P30Day.com.rar (S.Signul.ttf-png),"unknown (P30Day collection, terms not verified)",5c2da0df95a0e7ed3c8dc610ff7fb0bbb830f85f20625b167d08a18a33988166
S_OUHOD.ttf,S_OUHOD REGULAR,S_OUHOD,2000-Iran-Fonts-www.P30Day.com.rar (S.Signul.ttf-png),"unknown (P30Day collection, terms not verified)",e96aff2407beb669ce0faf304882d6fb1b98576610120428a670348707ef8644
Elham.ttf,Elham Regular,Elham,2000-Iran-Fonts-www.P30Day.com.rar (Sharif.FarsiWeb.Fonts.v0.4.ttf-png),"unknown (P30Day collection, terms not verified)",9aecc40b3dd6829fec49fffc2dccc892587d3065417bc960201a744b418ff5ab
Homa.ttf,Homa Regular,Homa,2000-Iran-Fonts-www.P30Day.com.rar (Sharif.FarsiWeb.Fonts.v0.4.ttf-png),"unknown (P30Day collection, terms not verified)",88a41ae2a290a5b23e43d608114139231afacfb45d47fea3e9a9fd633b4d2df6
Nazli.ttf,Nazli Regular,Nazli,2000-Iran-Fonts-www.P30Day.com.rar (Sharif.FarsiWeb.Fonts.v0.4.ttf-png),"unknown (P30Day collection, terms not verified)",c3babb334b0d1c4f2d342fb77db9d057e841abbfa0072ca16d2016b97c2911b0
Nazlib.ttf,Nazli Bold,Nazli,2000-Iran-Fonts-www.P30Day.com.rar (Sharif.FarsiWeb.Fonts.v0.4.ttf-png),"unknown (P30Day collection, terms not verified)",1b058b7a2ec0760e95e9a9b603eb4bec998bfa902fa8973f885d5aaccb2fde17
Roya.ttf,Roya Regular,Roya,2000-Iran-Fonts-www.P30Day.com.rar (Sharif.FarsiWeb.Fonts.v0.4.ttf-png),"unknown (P30Day collection, terms not verified)",49a8490bbc368b7955691c60659419c7ae7f0079de88febe6e715f1bbe7e52de
Royab.ttf,Roya Bold,Roya,2000-Iran-Fonts-www.P30Day.com.rar (Sharif.FarsiWeb.Fonts.v0.4.ttf-png),"unknown (P30Day collection, terms not verified)",e5c33eaf581cb5fd33659918daadef4021246896e99a0cfb05b9986f7b57f87d
Terafik.ttf,Terafik Regular,Terafik,2000-Iran-Fonts-www.P30Day.com.rar (Sharif.FarsiWeb.Fonts.v0.4.ttf-png),"unknown (P30Day collection, terms not verified)",0742f8b030c0245e963b26f1b8157789e417bffdcdf390114a9ee4c7715d1ad2
Terafikb.ttf,Terafik Bold,Terafik,2000-Iran-Fonts-www.P30Day.com.rar (Sharif.FarsiWeb.Fonts.v0.4.ttf-png),"unknown (P30Day collection, terms not verified)",98f5477f9700c3d3ee385970f1e535e45b63bcdd5f549dfa971396a5975ec283
Sp_Arshia.ttf,Sp_Arshia Normal,Sp_Arshia,2000-Iran-Fonts-www.P30Day.com.rar (Sp.Sina.Pardazesh.ttf-png),"unknown (P30Day collection, terms not verified)",9a6a84753933934cd9c4522f084debcc9653465a1c8a53cd4749b94460c3d33b
Sp_Badr_Bold.ttf,Sp_Badr Bold,Sp_Badr,2000-Iran-Fonts-www.P30Day.com.rar (Sp.Sina.Pardazesh.ttf-png),"unknown (P30Day collection, terms not verified)",b4e884e207095cebb25aa777fbc7c4bbfe716f6de78f4c39f419ffd2bffa9a92
Sp_Badr.ttf,Sp_Badr Normal,Sp_Badr,2000-Iran-Fonts-www.P30Day.com.rar (Sp.Sina.Pardazesh.ttf-png),"unknown (P30Day collection, terms not verified)",405e910c0726de5bee20cd448aec45d05d71401918a34e21af9bf726e7b97ffd
Sp_Bardia_Bold.ttf,Sp_Bardiya Bold,Sp_Bardiya,2000-Iran-Fonts-www.P30Day.com.rar (Sp.Sina.Pardazesh.ttf-png),"unknown (P30Day collection, terms not verified)",7a428a222baabb9c6c8ea4254a6bf6ef36c3cb28876eab792cca354dca8c1c90
Sp_Bardia_Normal.ttf,Sp_Bardiya Normal,Sp_Bardiya,2000-Iran-Fonts-www.P30Day.com.rar (Sp.Sina.Pardazesh.ttf-png),"unknown (P30Day collection, terms not verified)",1b47ca050bedfe77142dfd4beabf07f5b605e0d5e64e791d3dca3be80458a025
Sp_Compset_Bold.ttf,Sp_Compset Bold,Sp_Compset,2000-Iran-Fonts-www.P30Day.com.rar (Sp.Sina.Pardazesh.ttf-png),"unknown (P30Day collection, terms not verified)",d8d3408e0afa9e8b2aaf36fd81489b2edc1a1b11aa9f4d86918fb1a9fb13b012
Sp_Compset_Normal.ttf,Sp_Compset Normal,Sp_Compset,2000-Iran-Fonts-www.P30Day.com.rar (Sp.Sina.Pardazesh.ttf-png),"unknown (P30Day collection, terms not verified)",fc99e43aa017efca6b4c52d974c0f942fee9e7202c61a687545115e909460753
Sp_Farnaz.ttf,Sp_Farnaz Normal,Sp_Farnaz,2000-Iran-Fonts-www.P30Day.com.rar (Sp.Sina.Pardazesh.ttf-png),"unknown (P30Day collection, terms not verified)",7812c49bf8c7f7b057c10e1858e940b6d5e8fd57a7683adf1e3717695c6419c6
Sp_Ferdosi.ttf,Sp_Ferdosi Normal,Sp_Ferdosi,2000-Iran-Fonts-www.P30Day.com.rar (Sp.Sina.Pardazesh.ttf-png),"unknown (P30Day collection, terms not verified)",de58d55c30b799cf74d134b245a1383a81e3490dda274bc8a422dce1856ee589
Sp_Hadi.ttf,Sp_Hadi Regular,Sp_Hadi,2000-Iran-Fonts-www.P30Day.com.rar (Sp.Sina.Pardazesh.ttf-png),"unknown (P30Day collection, terms not verified)",a247837b9d86d45bea889f7736059800db70c6b5d0b46c2c56030b9626c2edc2
Sp_Homa.ttf,Sp_Homa Normal,Sp_Homa,2000-Iran-Fonts-www.P30Day.com.rar (Sp.Sina.Pardazesh.ttf-png),"unknown (P30Day collection, terms not verified)",7358af36028d822b5d2eda834804a3d16c961e216afa1854ab92fbe026d44e86
Sp_Jadid_Bold.ttf,Sp_Jadid Bold,Sp_Jadid,2000-Iran-Fonts-www.P30Day.com.rar (Sp.Sina.Pardazesh.ttf-png),"unknown (P30Day collection, terms not verified)",6fee9c9f86e0cf9cff9af0c9067e5d6f7ee8d1e0723da1575f62a61886a54e75
Sp_Jalal_Bold.ttf,Sp_Jalal Bold,Sp_Jalal,2000-Iran-Fonts-www.P30Day.com.rar (Sp.Sina.Pardazesh.ttf-png),"unknown (P30Day collection, terms not verified)",a625bfb25c195d8166a2d3b4a8b187223e04ca14059be52f6dcbf310c2d54616
Sp_Jalal_Normal.ttf,Sp_Jalal Normal,Sp_Jalal,2000-Iran-Fonts-www.P30Day.com.rar (Sp.Sina.Pardazesh.ttf-png),"unknown (P30Day collection, terms not verified)",f3e65551b864b6f6ee9ee1aad735d3114aa443151527938a5945f452dd25e316
Sp_Kamran_Bold.ttf,Sp_Kamran Bold,Sp_Kamran,2000-Iran-Fonts-www.P30Day.com.rar (Sp.Sina.Pardazesh.ttf-png),"unknown (P30Day collection, terms not verified)",017b35a57375450d4da651187824b5850fb3830631e615b42b4f6251f7c34cb7
Sp_Kamran.ttf,Sp_Kamran Normal,Sp_Kamran,2000-Iran-Fonts-www.P30Day.com.rar (Sp.Sina.Pardazesh.ttf-png),"unknown (P30Day collection, terms not verified)",0374b8675c28df52ce47d4dd7c201dc780aeade271d14cc12ddcec2f3809cf87
Sp_Karim_Bold.ttf,Sp_Karim Bold,Sp_Karim,2000-Iran-Fonts-www.P30Day.com.rar (Sp.Sina.Pardazesh.ttf-png),"unknown (P30Day collection, terms not verified)",276393565a2b6c6bb7c00e8c8c0c0cd787836557133d25d1c17ac4bba143dbfd
Sp_Karim_Normal.ttf,Sp_Karim Normal,Sp_Karim,2000-Iran-Fonts-www.P30Day.com.rar (Sp.Sina.Pardazesh.ttf-png),"unknown (P30Day collection, terms not verified)",0faecb36d5e8590a37d8ff82571edc39acd85f6e71ab6387f97e14d3e38b6e24
Sp_Koodak_Bold.ttf,Sp_Koodak Bold,Sp_Koodak,2000-Iran-Fonts-www.P30Day.com.rar (Sp.Sina.Pardazesh.ttf-png),"unknown (P30Day collection, terms not verified)",3bd3e327b32b2a928fcafc96c7aa88d3c568f191067acb89f65e86d13fec747f
Sp_Lotus_Bold.ttf,Sp_Lotus Bold,Sp_Lotus,2000-Iran-Fonts-www.P30Day.com.rar (Sp.Sina.Pardazesh.ttf-png),"unknown (P30Day collection, terms not verified)",df2b73834cbff7adae92de04e1811aac27e72f11fc7861ad40395284d1e76e8d
Sp_Lotus.ttf,Sp_Lotus Normal,Sp_Lotus,2000-Iran-Fonts-www.P30Day.com.rar (Sp.Sina.Pardazesh.ttf-png),"unknown (P30Day collection, terms not verified)",e8ea3e5b65c27b13e99726d703bb543a8d76c1db0f9e38742a4a983fc06af8b4
Sp_Maryam_Bold.ttf,Sp_Maryam Bold,Sp_Maryam,2000-Iran-Fonts-www.P30Day.com.rar (Sp.Sina.Pardazesh.ttf-png),"unknown (P30Day collection, terms not verified)",d5c50f2f493e00e30776318ea4ad5361657949edd46fe1cb0a7541019687bc0b
Sp_Mina.ttf,Sp_Mina Regular,Sp_Mina,2000-Iran-Fonts-www.P30Day.com.rar (Sp.Sina.Pardazesh.ttf-png),"unknown (P30Day collection, terms not verified)",906a60a38617dfdfd36e321eb0f47eca29e84b6374a4f3e9a807593a43ba7079
Sp_Mitra_Bold.ttf,Sp_Mitra Bold,Sp_Mitra,2000-Iran-Fonts-www.P30Day.com.rar (Sp.Sina.Pardazesh.ttf-png),"unknown (P30Day collection, terms not verified)",21afca6395af792c1928aa1b70016b8716f4539579005b5dde7dd514020f831d
Sp_Mitra_Normal.ttf,Sp_Mitra Normal,Sp_Mitra,2000-Iran-Fonts-www.P30Day.com.rar (Sp.Sina.Pardazesh.ttf-png),"unknown (P30Day collection, terms not verified)",f56080997bbc367a77013b9e6bbdc4c9d82d526850c28cd87a08d696d70ac848
Sp_Morvarid_Bold.ttf,Sp_Morvarid Bold,Sp_Morvarid,2000-Iran-Fonts-www.P30Day.com.rar (Sp.Sina.Pardazesh.ttf-png),"unknown (P30Day collection, terms not verified)",5d22d052eefd997daa8529afbbf5dc0f9e50cfec0de5d1c4cad65a44584272bf
Sp_Morvarid_Normal.ttf,Sp_Morvarid Normal,Sp_Morvarid,2000-Iran-Fonts-www.P30Day.com.rar (Sp.Sina.Pardazesh.ttf-png),"unknown (P30Day collection, terms not verified)",a3f78f987a319864dac1664ce369ce68c9e1e4e47b93d599321687480ddaf79b
Sp_Nazanin_Bold.ttf,Sp_Nazanin Bold,Sp_Nazanin,2000-Iran-Fonts-www.P30Day.com.rar (Sp.Sina.Pardazesh.ttf-png),"unknown (P30Day collection, terms not verified)",e3c4e83b261941c7309ac286e731301d59d3c6cf185ff62c2348f7e9f3a52ee9
Sp_Nazanin.ttf,Sp_Nazanin Normal,Sp_Nazanin,2000-Iran-Fonts-www.P30Day.com.rar (Sp.Sina.Pardazesh.ttf-png),"unknown (P30Day collection, terms not verified)",22c394c514d9502e7382acf55ea0020075819a1c1993a1b219fa68f1d7006ce0
Sp_Owj_Bold.ttf,Sp_Owj Bold,Sp_Owj,2000-Iran-Fonts-www.P30Day.com.rar (Sp.Sina.Pardazesh.ttf-png),"unknown (P30Day collection, terms not verified)",24db549caf5e3c422f844f9617e4fe086eae8db9c6bca6427915b4d0f7ac00a4
Sp_Paatch_Bold.ttf,Sp_Paatch Bold,Sp_Paatch,2000-Iran-Fonts-www.P30Day.com.rar (Sp.Sina.Pardazesh.ttf-png),"unknown (P30Day collection, terms not verified)",d4bca2b170bdcb9fc7649702f9155781ba849d9047df365c7c450e04ed6d2700
Sp_Payam_Normal.ttf,Sp_Payam Normal,Sp_Payam,2000-Iran-Fonts-www.P30Day.com.rar (Sp.Sina.Pardazesh.ttf-png),"unknown (P30Day collection, terms not verified)",be2f39eff9d05d1cdfd9e21008b1442f27417e965c63b4f081af73282077c077
Sp_Roya_Bold.ttf,Sp_Roya Bold,Sp_Roya,2000-Iran-Fonts-www.P30Day.com.rar (Sp.Sina.Pardazesh.ttf-png),"unknown (P30Day collection, terms not verified)",154c5b083584efa0cde94d2ab726184ce0c4e5abfdb80057fccf4d5fe98e4043
Sp_Roya.ttf,Sp_Roya Normal,Sp_Roya,2000-Iran-Fonts-www.P30Day.com.rar (Sp.Sina.Pardazesh.ttf-png),"unknown (P30Day collection, terms not verified)",4f9d6b32929090af9d0823fc91d734f78681d7115b59e236681c30c2a210f2d8
Sp_Sina_Bold.ttf,Sp_Sina Bold,Sp_Sina,2000-Iran-Fonts-www.P30Day.com.rar (Sp.Sina.Pardazesh.ttf-png),"unknown (P30Day collection, terms not verified)",b80c07ecde5142fb7d57414b3b2257141cd5f64beb00bf7831fb3e2e73c261e9
Sp_Tabassom.ttf,Sp_Tabassom Normal,Sp_Tabassom,2000-Iran-Fonts-www.P30Day.com.rar (Sp.Sina.Pardazesh.ttf-png),"unknown (P30Day collection, terms not verified)",6ebb5370a3e8fc7d1a64fe7141f65278b4af2554430246e847599692e2b205ad
Sp_Titr_Bold.ttf,Sp_Titr Bold,Sp_Titr,2000-Iran-Fonts-www.P30Day.com.rar (Sp.Sina.Pardazesh.ttf-png),"unknown (P30Day collection, terms not verified)",06f6cd8c4d9582e1ec5798df7ebfbc24390fac3645d2c24ac2efa779080f09e9
Sp_Traffic.ttf,Sp_Traffic Normal,Sp_Traffic,2000-Iran-Fonts-www.P30Day.com.rar (Sp.Sina.Pardazesh.ttf-png),"unknown (P30Day collection, terms not verified)",f299d827b885a2cada2d79549005386499e9e0c5c8a1241ad2beb9a00450ee09
Sp_Vahid.ttf,Sp_Vahid Regular,Sp_Vahid,2000-Iran-Fonts-www.P30Day.com.rar (Sp.Sina.Pardazesh.ttf-png),"unknown (P30Day collection, terms not verified)",df4eae25bb8d71eec5ea8d2af1e6fad9ad863e19b7e37cfd4cf8e5372b903edc
Sp_Yagut_Bold.ttf,Sp_Yagut Bold,Sp_Yagut,2000-Iran-Fonts-www.P30Day.com.rar (Sp.Sina.Pardazesh.ttf-png),"unknown (P30Day collection, terms not verified)",2ab1e98aaea53e773ef56ad8c9cf3474874dc03a5a735cec9f28ab4b9b46301e
Sp_Yagut.ttf,Sp_Yagut Normal,Sp_Yagut,2000-Iran-Fonts-www.P30Day.com.rar (Sp.Sina.Pardazesh.ttf-png),"unknown (P30Day collection, terms not verified)",e4c6ca620e53d38a3a4c334fd6f36f3abcbfd73c2e48429f7b74f65037af038b
Sp_Zar_Bold.ttf,Sp_Zar Bold,Sp_Zar,2000-Iran-Fonts-www.P30Day.com.rar (Sp.Sina.Pardazesh.ttf-png),"unknown (P30Day collection, terms not verified)",3668c0c4961163709b5b52280bd27d5a15d4fa07408a5044644d17269bb23c60
Sp_Zar.ttf,Sp_Zar Normal,Sp_Zar,2000-Iran-Fonts-www.P30Day.com.rar (Sp.Sina.Pardazesh.ttf-png),"unknown (P30Day collection, terms not verified)",09e3aca3ee3fba12a92f58241ffb4c994c26d0354cc5580902ce645b0435d2cd
BTitrTGEBold.ttf,B Titr TG E Bold,B Titr TG E,2000-Iran-Fonts-www.P30Day.com.rar (WebFont.Package.ttf-eot-woff),"unknown (P30Day collection, terms not verified)",4814788fa721a6bcad22c5e9c213c2338e58baa77fed164ad8883f26f869210c
